:020000040800F2
:1000000038640020359E0008A9020008AB020008F1
:10001000AF020008B3020008B702000800000000A9
:10002000000000000000000000000000BB0200080B
:10003000BD02000800000000BF020008C102000865
:100040004F9E00084F9E00084F9E00084F9E0008DC
:100050004F9E00084F9E00084F9E00084F9E0008CC
:100060004F9E00084F9E00084F9E00084F9E0008BC
:100070004F9E00084F9E0008017500082F7500086C
:100080004F9E0008D37400084F9E00081F640008AC
:10009000356400084F9E00084F9E00084F9E0008E0
:1000A0004F9E00084F9E00084F9E00084F9E00087C
:1000B0004F9E00084F9E00084F9E00084F9E00086C
:1000C0004F9E00084F9E00084F9E00084F9E00085C
:1000D0004F9E0008996B0008216D00088F6E000884
:1000E0004F9E00084F9E00084F9E00084F9E00083C
:1000F0004F9E00084F9E00084F9E00085D75000847
:100100004F9E00084F9E00084F9E00084F9E00081B
:10011000277000089D710008DB6600084F9E0008EC
:100120004F9E00084F9E00084F9E00084F9E0008FB
:100130004F9E00084F9E00084F9E00086F65000804
:10014000856500084F9E00084F9E00084F9E0008DE
:100150004F9E00088B750008A574000819730008ED
:100160004F9E00084F9E00084F9E00084F9E0008BB
:100170004F9E00084F9E00084F9E00084F9E0008AB
:100180004F9E00084F9E000800F002F800F069F84A
:100190000AA090E8000C82448344AAF10107DA45E2
:1001A00001D100F05EF8AFF2090EBAE80F0013F0CB
:1001B000010F18BFFB1A43F0010318473840010034
:1001C000584001000A444FF0000C10F8013B13F0B6
:1001D000070408BF10F8014B1D1108BF10F8015BA0
:1001E000641E05D010F8016B641E01F8016BF9D193
:1001F00013F0080F1EBF10F8014BAD1C0C1B09D1EA
:100200006D1E58BF01F801CBFAD505E014F8016B5B
:1002100001F8016B6D1EF9D59142D6D370470000ED
:100220000023002400250026103A28BF78C1FBD8FF
:10023000520728BF30C148BF0B607047662913F0D2
:100240007084002070471FB513F0BBFB10F0A6F8B8
:1002500004000020002112F06BFCE0601FBD10B50F
:1002600010BD10F098F91146FFF7EDFF00F008F807
:1002700010F0B6F903B4FFF7F2FF03BC10F084F8F6
:1002800000F028F900F0EDFA06E00448406804495F
:10029000B0FBF1F003490860F7E70000001000E050
:1002A0004090020000000020704700BFFEE700BF42
:1002B000FEE700BFFEE700BFFEE7704770477047EC
:1002C000704700000CB5002001900090764800684F
:1002D00040F480307449086000BF7348006800F43F
:1002E000003000900198401C0190009818B90198C6
:1002F000B0F5A06FF1D16C48006800F4003010B187
:100300000120009001E0002000900098012846D1D3
:1003100065484030006840F08050634940310860D3
:100320006248006840F44040604908605E48083018
:1003300000685D49083108600846006840F40040E4
:1003400008600846006840F4A05008605848091F3B
:100350000860081F006840F08070091F086000BF37
:100360005148006800F000700028F9D040F2057094
:10037000504908604C480830006820F003004A49A2
:10038000083108600846006840F00200086000BFBD
:1003900045480830006800F00C000828F8D10CBD72
:1003A00010B54548006840F47000434908603E4875
:1003B000006840F001003C49086000203A490831DB
:1003C0000860394800683D490840374908603C48A2
:1003D000091D0860081F006820F48020091F0860BC
:1003E000002031490C310860FFF76CFF4FF00060CE
:1003F00031498039086010BD70B500200022022309
:1004000000240221284D08352D6805F00C0020B18C
:10041000042806D0082834D107E02A4D2A4E35603A
:1004200033E02A4D284E35602FE01F4D2D1D2D68DD
:10043000C5F380541C4D2D1D2D6805F03F0154B1AE
:10044000224DB5FBF1F5184E361D3668C6F38816F9
:1004500005FB06F209E01B4DB5FBF1F5124E361D0A
:100460003668C6F3881605FB06F20F4D2D1D2D6864
:10047000C5F301456D1C6B00B2FBF3F5124E356000
:1004800003E0104D104E356000BF00BF064D08352B
:100490002D68C5F303150E4E705D0B4D2D68C540DC
:1004A000094E356070BD0000003802400070004009
:1004B00008544007003C024088ED00E0FFFFF6FED4
:1004C000103000240024F4000400002000127A0000
:1004D0000800002038B54FF4A06007F07BF8012039
:1004E00000905F48002301225E49D0F8D445A04720
:1004F000012000905C48012300224FF4E131D0F844
:10050000D445A047012000905848012300224FF411
:100510006121D0F8D445A047012000905448012320
:1005200000224FF4E131D0F8D445A04701200090DB
:10053000504801231A464FF4E131D0F8D445A04782
:10054000012000904C4800231A464FF4E131D0F8C6
:10055000D445A04706F038F8A82006F0D3F80023C9
:1005600003220821104605F0E7FE0023032208219C
:10057000104605F07AFF06F07FF838BD10B52DED76
:10058000088BB0EE409AF0EE609AB0EE418A9FED93
:100590003B1BB0EE490AF0EE690A10F0CFFEB0EE58
:1005A00040AAF0EE60AA51EC1A0B12F0E3FA08EE42
:1005B000100AB5EEC08AF1EE10FA11D218EE100A48
:1005C00013F08EF941EC1B0B9FED2C0B53EC102B11
:1005D00012F002FB41EC1A0B12F0CCFA08EE100AF2
:1005E000B0EE480ABDEC088B10BD10B52DED088BA0
:1005F000B0EE409AF0EE609AF0EE418AB0EE481A02
:10060000B0EE490AF0EE690AFFF7B8FFB0EE408A93
:1006100018EE100A13F064F941EC1A0B9FED190B58
:1006200053EC102B12F064FF12D218EE100A13F0E4
:1006300057F941EC1B0B9FED110B53EC102B13F0F2
:1006400065F841EC1A0B12F095FA08EE900A01E0F9
:10065000F0EE488AB0EE680ABDEC088B10BD0000D1
:1006600018060020A0860100F80B0020D8110020F9
:10067000B8170020981D00207823002000000000FB
:1006800000807640000000000080664010B58AB00F
:1006900078480068401C7749086077497748D0ED72
:1006A000000A774890ED000A764802F010F8714988
:1006B0000868C11700EB91718910A0EB8101012935
:1006C0003ED17148C07B714991F838106F4A92F859
:1006D0004320C2F340026D4B93F84130CDE906321E
:1006E000CDE908106948B0F84C006849896C00EE03
:1006F000101ABDEEC00A10EE101A0AB26249B1F922
:100700001410614BB3F91030CDE90231CDE904206A
:100710005D48B0F912005E49096C09B25C4CCDE944
:10072000001094ED121BB0EE410AF0EE610A564C37
:10073000237BA27B94F84410564CA07E04F0C2FCAC
:100740004C49086800EBD0714910A0EB410119B980
:1007500003F002F803F0C2F846480068032190FB5A
:10076000F1F201FB120018B901F036FC03F0CFFDE5
:1007700040480068052190FBF1F201FB1200D8B956
:10078000454A1178454A92ED1C2AF0EE421A3F4A3A
:1007900092F83700424A92ED022AB0EE421A92EDE8
:1007A000002AB1EE422AF0EE420A92ED012AB0EEA2
:1007B000420A3C4A05F055FD2E480068642190FB32
:1007C000F1F201FB1200012801D104F0C5FC294817
:1007D00000684FF47A7190FBF1F201FB1200B0F562
:1007E000FA7F03D10121304807F032FF2148006829
:1007F0004FF47A7190FBF1F201FB120018B901215C
:10080000294807F027FF1B4800684FF4FA6190FB66
:10081000F1F201FB120010BB2448807C642804D153
:100820000221214807F014FF19E02048807C42286B
:1008300004D102211C4807F00DFF10E002211A48E4
:1008400007F006FF0B4800684FF47A6190FBF1F265
:1008500001FB120018B90221134807F0FBFE0AB091
:1008600010BD10B500F024F802F054F802F0C6FFF5
:1008700010BD000018000020AB57002050000020E1
:100880004C000020AC000020D4300020C4520020D6
:10089000504D00208053002080290020F0020020CD
:1008A00090480020F41C002000080240AC570020B3
:1008B00010B540F25471FE480FF0C5FA9FEDFD1AD5
:1008C000DFEDFC0A9FEDFC0A0A234FF416720321A8
:1008D000FA4803F078FCB2EE001ADFEDF90AB3EE45
:1008E000020A04234FF4FA720321F148803003F026
:1008F0006AFC9FEDF41ADFEDF40A9FEDF40A44F66A
:10090000206346F678120321F14803F05CFCB2EE56
:10091000001ADFEDF00AB2EE030A04234FF4FA7274
:100920000321E348343003F04EFC9FEDEB1ADFED7A
:10093000EB0A9FEDEB0A42F2107347F248120321D3
:10094000E3484C3803F03FFC9FEDE31ADFEDE50A86
:10095000B2EE0A0A64234FF496720321DC48983001
:1009600003F031FC9FEDD31ADFEDD70A9FEDD70AD4
:1009700040F6B83347F230520321DB4803F023FC42
:100980009FEDDA1ADFEDDA0AB2EE090A0F234FF40F
:10099000E6720321CE484C3003F015FC9FEDC51ADA
:1009A000DFEDC70A9FEDD30A42F2107347F23052CF
:1009B0000321CD484C3803F006FC9FEDC71ADFED4C
:1009C000C00AB3EE040A0A234FF4E1720321CA48B5
:1009D00003F0F9FB9FEDB71ADFEDBB0A9FEDC50AE7
:1009E00042F2107346F678120321C3484C3003F0EC
:1009F000EAFB9FEDB01ADFEDB20AB3EE0E0A6423F4
:100A00004FF4E6720321BC484C3803F0DCFB9FED49
:100A1000A91ADFEDAB0A9FEDB70A42F2107347F255
:100A200030520321B448983003F0CDFB9FEDAA1A51
:100A3000DFEDB20AB3EE010A0F23C8220321AA4850
:100A4000983003F0C0FB9FED9B1ADFEDAC0A9FEDE1
:100A5000AC0A4FF4FA6346F2A8120321A94803F046
:100A6000B2FBB1EE041ADFEDA50A9FEDA70A6423DD
:100A70004FF4FA7203219C484C3003F0A4FB9FED25
:100A80008D1ADFED9E0A9FEDA10A40F6B83347F2BA
:100A9000305203219B484C3803F095FBB1EE041A09
:100AA000DFED9B0AB2EE080A142346220321954883
:100AB000983003F088FB9FED7F1AF1EE0C0A9FED52
:100AC000950A44F6206346F2A81203218A48E438C6
:100AD00003F079FBB2EE041ADFED8D0AB3EE040ADF
:100AE00014233C22032187484C3003F06CFB9FED1C
:100AF000721AF1EE000A9FED880A46F2A8131A4610
:100B000003217D48983803F05EFBB1EE041ADFED57
:100B10006C0AB2EE0E0A0A23C82203217F4803F0B2
:100B200052FB9FED641AF0EE000A9FED7D0A42F23F
:100B3000107346F67812032178484C3003F043FBDB
:100B40009FED5C1ADFED720AB2EE0E0A04234FF439
:100B50008272032171484C3803F035FB9FED551A22
:100B6000F2EE000A9FED5E0A41F2883346F2A812C7
:100B700003216A48983003F026FB10BD2DE9F041AF
:100B80002DED108B92B0B0EE408A4FF01C086548F6
:100B900090ED000ADFED640A20EE200A10EE101A34
:100BA000084612F09DFE41EC1B0BB0EE4B0AF0EE36
:100BB0006B0A10F055FBB0EE40AAF0EE60AA53ECC1
:100BC0001A2B9FED5A0B51EC100B12F0C1F841ECAF
:100BD000190B11F0CFFF0546284612F081FE41ECBB
:100BE0001D0BB0EE4D1AF0EE6D1A9FED520B10F08A
:100BF0003FFAB0EE40CAF0EE60CA9FED500B53ECE6
:100C0000102B51EC1C0B12F0CDFA41EC1A0B18EE24
:100C1000100A12F065FE41EC1B0B53EC1A2B11F07D
:100C2000DBFF41EC190B11F0A5FF0E90284612F0E6
:100C300057FE41EC1A0B9FED3C0A28EE000A10EE1D
:100C4000101A084612F04CFE41EC1C0BB0EE4C0A98
:100C5000F0EE6C0A10F004FBB0EE40BAF0EE60BAB1
:100C600053EC1A2B51EC1B0B12F09CFA41EC190BB4
:100C700011F080FF0FEE100A284612F031FE41EC11
:100C80001A0B9FED290A28EE000A10EE101A0846EA
:100C900012F026FE41EC1C0BB0EE4C0AF0EE6C0A92
:100CA00011F0F6F9B0EE40BAF0EE60BA4AE000009A
:100CB0008029002000000000000048434040002040
:100CC0000AD7233C000070426F12833A000016439B
:100CD000982A00209A99193E00002042CDCC4C3F22
:100CE00000009643AE47E13DC82B00209A99993EFB
:100CF000ACC5A7370000C843C02E0020CDCCCC3DEA
:100D000000003443F82C002000000C420000FA439D
:100D1000CDCC4C3E0000AF430000E143F02F00205B
:100D200000003E439048002035FA8E3C9A999999EC
:100D300099991B40000000205C8F134000000020A8
:100D4000DCA54C4053EC1A2B51EC1B0B12F02AFA89
:100D500041EC190B11F00EFF064618FB08F000EEEF
:100D6000100AB8EEC00AF0EE408A2FEE0F0A10EE1D
:100D7000104A18EE900A12F0B3FDCDE90801304692
:100D800012F0AEFD41EC1B0BB0EE000A28EE800A1B
:100D900010EE101A084612F0A3FD41EC1D0B204680
:100DA00012F09EFD9FEDFE0B53EC102BCDE90001E0
:100DB0009DED000B51EC100B12F0F4F941EC1E0B01
:100DC00053EC1D2B11F0C4FF41EC1C0B53EC1B2BFF
:100DD00011F002FFCDE90401204612F081FD41EC43
:100DE0001B0B9FEDF10B53EC102B12F0DBF9CDE94F
:100DF00002019DED040B53EC102B9DED020B51EC09
:100E0000100B12F0CFF9CDE906019DED080B53EC64
:100E1000102B9DED060B51EC100B11F099FFCDE955
:100E20000C01204612F05CFDCDE90A019DED0C0B92
:100E300053EC102B9DED0A0B51EC100B12F066FCDD
:100E400041EC1A0BB0EE4A0AF0EE6A0A11F084F98E
:100E5000B0EE409AF0EE609A51EC190B11F08AFE58
:100E60000FEE900A204612F03BFD41EC1A0B9FED6D
:100E7000CC0B53EC102B12F095F941EC190B11F03F
:100E800079FE11903FEE6F0A60EE280A9DED110A7F
:100E900080EE801A11EE107A384612F021FD41ECF6
:100EA0001A0BB0EE4A0AF0EE6A0A0FF075FFB0EEC8
:100EB000409AF0EE609A51EC190B11F05BFE109025
:100EC0009DED100ADFEDBA0A20EE200A8DED0F0A23
:100ED0009DED0F0A12B0BDEC108BBDE8F08110B58E
:100EE0002DED088B0020B34981F83200B24800781C
:100EF00070B9B24890ED000AB14880ED000AAF48E1
:100F000090ED010AAF4880ED000A0120AA4908705F
:100F1000AA4890ED000AA74880ED040AA74890ED82
:100F2000010AA44880ED030AA44890ED030AA148F1
:100F300080ED080AA14890ED040A9E4880ED070A5A
:100F4000A14890F83E0030B19F48808F401C81B28C
:100F50009D48818702E000219B4881879A48808FC5
:100F600001287CDA012099490870974890ED080A19
:100F70009748D0ED000AB4EE600AF1EE10FA6FD196
:100F8000914890ED090A9348D0ED000AB4EE600A4A
:100F9000F1EE10FA7AD18C4890ED080A10EE101A92
:100FA000084612F09DFC41EC1B0B9FED8B0B53ECA4
:100FB000102B12F0F7F841EC1A0B9FED891BB0EEE5
:100FC0004A0AF0EE6A0A10F053F8B0EE409AF0EEDA
:100FD000609A1FEDA60B53EC102B51EC190B12F07D
:100FE000E1F841EC180B11F0C5FD7F490860764827
:100FF00090ED090A10EE101A084612F071FC41EC4F
:101000001B0B9FED750B53EC102B12F0CBF841EC42
:101010001A0B9FED731BB0EE4A0AF0EE6A0A10F04D
:1010200027F8B0EE409AF0EE609A1FEDBC0B53EC3F
:10103000102B51EC190B12F0B5F841EC180B11F014
:1010400099FD6A490860604890ED060A6648D0ED4F
:10105000000A30EE200A6648D0ED000A01E032E0D6
:1010600014E030EE200A634880ED000A564890ED07
:10107000070A0846D0ED000A30EE200A5E48D0ED9F
:10108000000A30EE200A5D4880ED000A4E4890EDDF
:10109000080A4F4880ED000A4B4890ED090A4D4878
:1010A00080ED000A5648407D68B1524890ED000A34
:1010B000404880ED010A514890ED000AFFF75EFDBF
:1010C0003C4880ED020A3B4890ED020AFBEE090A1B
:1010D000B4EEE00AF1EE10FA04D8BBEE090A80ED96
:1010E000020A0DE0334890ED020AF3EE070AB4EE6F
:1010F000E00AF1EE10FA03DBB3EE070A80ED020A14
:101100003248007858B92F4890ED000A294880ED00
:10111000010A2B4890ED000A264880ED020A254876
:10112000D0ED071AB0EE611AD0ED031AF0EE610AA5
:10113000D0ED011AB0EE610ADFED321A00F11402AF
:1011400000F5E16100F2246003F07BF8FFEE000A95
:1011500020EE200ABDEEC00A10EE100A01B21548BA
:101160008184D0ED081AB0EE611AD0ED041AF0EEC9
:10117000610AD0ED021AB0EE610ADFED221A00F129
:10118000180200F2BC6100F5CE6003F05AF8F7EEE9
:10119000000A20EE200ABDEEC00A10EE100A33E06D
:1011A0009A999999999923409A999999999933403B
:1011B000E12E6542802900205C000020904800203C
:1011C00044000020480000206C5700205D000020F3
:1011D0005400002058000020000000E0EF50743F51
:1011E000000000000000204060000020640000209B
:1011F000340000204C000020380000205000002067
:10120000805300200000000001B2FE48C184BDEC04
:10121000088B10BD10B52DED088B0020F94981F821
:101220003200F948007870B9F84890ED000AF848A3
:1012300080ED000AF54890ED010AF64880ED000ABD
:101240000120F1490870F14890ED000AED4880ED69
:10125000040AEE4890ED010AEA4880ED030AEB48E3
:1012600090ED030AE74880ED080AE84890ED040A8B
:10127000E44880ED070AE84890F83E0030B1E648BF
:10128000808F401C81B2E448818702E00021E2485F
:101290008187E148808F01287EDA0120DF490870CC
:1012A000DD4890ED080ADE48D0ED000AB4EE600A91
:1012B000F1EE10FA71D1D84890ED090AD948D0ED75
:1012C000000AB4EE600AF1EE10FA66D1D24890ED51
:1012D000080A10EE101A084612F002FB41EC1B0B34
:1012E0001FED430B53EC102B11F05CFF41EC1A0B7C
:1012F0001FED451BB0EE4A0AF0EE6A0A0FF0B8FE89
:10130000B0EE409AF0EE609A9FEDC70B53EC102BB5
:1013100051EC190B11F046FF41EC180B11F02AFCAF
:10132000C3490860BC4890ED090A10EE101A08463F
:1013300012F0D6FA41EC1B0B1FED590B53EC102B9E
:1013400011F030FF41EC1A0B1FED5B1BB0EE4A0AA7
:10135000F0EE6A0A0FF08CFEB0EE409AF0EE609A62
:101360009FEDB10B53EC102B51EC190B11F01AFF40
:1013700041EC180B11F0FEFBAE490860A64890ED59
:10138000060AAB48D0ED000A30EE200AAA48D0ED9C
:10139000000A30EE200A01E03AE02DE0A74880ED97
:1013A000000A9D4890ED070A0846D0ED000A30EE8D
:1013B000200AA348D0ED000A30EE200AA14880EDB3
:1013C000000AA148407D70B19C4890ED000A8D480C
:1013D00080ED010A9B4890ED000AFFF7CFFB89489A
:1013E00080ED020A08E0874890ED0A0A80ED020AC3
:1013F00090ED0B0A80ED010A874890ED080A8848B5
:1014000080ED000A844890ED090A864880ED000AC4
:101410007C4890ED020AFBEE090AB4EEE00AF1EE18
:1014200010FA04D8BBEE090A80ED020A0DE07548F7
:1014300090ED020AF3EE070AB4EEE00AF1EE10FABC
:1014400003DBB3EE070A80ED020A7448007858B94E
:10145000704890ED000A6B4880ED010A6C4890EDF1
:10146000000A684880ED020A6648D0ED071AB0EE1F
:10147000611AD0ED031AF0EE610AD0ED011AB0EE58
:10148000610A5FEDA01A00F1140200F5956100F504
:10149000717002F0D6FEFFEE000A20EE200ABDEECB
:1014A000C00A10EE100A01B256488184D0ED081A25
:1014B000B0EE611AD0ED041AF0EE610AD0ED021A16
:1014C000B0EE610A5FEDB11A00F1180200F25C4162
:1014D00000F5826002F0B5FEF7EE000A20EE200A69
:1014E000BDEEC00A10EE100A01B24648C184BDEC40
:1014F000088B10BD10B52DED0A8BB0EE409AF0EEC2
:10150000609AB0EE418A9FED510B53EC102B51ECD9
:10151000190B11F047FE41EC1C0B9FED4E0B53ECE9
:10152000102B11F03FFE41EC1B0B9FED4C1BB0EE5E
:101530004B0AF0EE6B0A0FF001FFB0EE40AAF0EE9E
:1015400060AA51EC1A0B11F015FB08EE100AB5EE6B
:10155000C08AF1EE10FA05D29FED420A38EE000A79
:10156000B0EE408A18EE100A12F0BAF941EC100BF6
:10157000BDEC0A8B10BD10B52DED108B84B03A4830
:1015800090ED121BB0EE410AF0EE610A374890ED83
:10159000001AFFF7AFFFB0EE408AF0EE608A51EC20
:1015A000180B11F0E7FA31490860084690ED000A7F
:1015B000DFED2F0AB4EEE00AF1EE10FA09DB90ED50
:1015C000000ADFED280A30EE600A2A4880ED000AA2
:1015D00005E0264890ED000A264880ED000A9FEDC0
:1015E000261A5FEDF80A234890ED000A234802F01E
:1015F00086FCB1EE400A224880ED000A014890EDD9
:101600005E0A3FE0802900205C0000209048002016
:1016100044000020480000206C5700205D0000209E
:10162000540000205800002000000020DCA54C40A1
:101630006000002064000020340000204C000020E6
:1016400038000020500000208053002000000000DF
:101650000000F0BF000000A046DF913F00000060E6
:10166000FB211940DB0FC940504D002090000020A5
:10167000DB0F494094000020920A863E4040002043
:1016800098000020FE4880ED000AFE4880ED000A28
:10169000FB48006812F024F941EC190BB0EE490A3E
:1016A000F0EE690A0FF040FEB0EE408AF0EE608A7C
:1016B0009FEDF50B53EC102B51EC180B11F018FFAC
:1016C00029D2EF48006812F00BF941EC190BEC48F5
:1016D000006812F005F941EC1C0BB0EE4C0AF0EE7C
:1016E0006C0A0FF021FEB0EE40BAF0EE60BA9FED4A
:1016F000E60B53EC102B51EC1B0B11F053FD41EC9E
:101700001A0B53EC192B11F023FB41EC180B11F0C1
:1017100031FADB490860DB48006812F0E1F841EC7F
:10172000190BB0EE490AF0EE690A0FF0FDFDB0EEBC
:10173000408AF0EE608A9FEDD60B53EC102B51ECF3
:10174000180B11F0D5FE29D2CE48006812F0C8F867
:1017500041EC190BCB48006812F0C2F841EC1C0BAD
:10176000B0EE4C0AF0EE6C0A0FF0DEFDB0EE40BABF
:10177000F0EE60BA9FEDC60B53EC102B51EC1B0B37
:1017800011F010FD41EC1A0B53EC192B11F0E0FA9B
:1017900041EC180B11F0EEF9BA490860B84890ED29
:1017A000000AB5EEC00AF1EE10FA21D0006812F07E
:1017B00097F841EC190BB248006812F091F841EC2F
:1017C0001B0BB0EE4B0AF0EE6B0A0FF0ADFDB0EE66
:1017D00040AAF0EE60AA53EC192B51EC1A0B11F051
:1017E000B7FA41EC180B11F0C5F9AB49086004E0F9
:1017F000B7EE000AA84880ED000AA8484078032800
:101800000BD0A74890ED010AA44880ED0B0AA4482C
:1018100090ED000AA14880ED0A0AA04890F8320035
:1018200001287DD19F48807C002879D09E48C07CCB
:10183000002876D09A4890ED000A10EE101A08465B
:1018400012F04EF841EC190BB0EE481AB0EE490A0E
:10185000F0EE690AFEF7C9FEB0EE408A904890EDBE
:10186000010A10EE101A084612F03AF841EC190B72
:10187000B0EE681AB0EE490AF0EE690AFEF7B5FE5E
:10188000F0EE408A854880ED048AC0ED038A90ED31
:10189000010AD0ED030A30EE600A10EE101A084675
:1018A00012F01EF841EC1A0BB0EE4A0AF0EE6A0A8A
:1018B0000FF03AFDB0EE409AF0EE609A9FED7B0B90
:1018C00053EC102B51EC190B11F030FC04D2012019
:1018D000724981F8310003E00020704981F831003D
:1018E0006F4890ED030A6D4880ED080A6C4890ED52
:1018F000040A6A4880ED070A6A48D0F8050000EE3D
:10190000100AB5EEC00AF1EE10FA11D06548D0F811
:10191000010000EE100AB5EEC00AF1EE10FA01E087
:1019200017E179E004D05F48D0F80500614908600C
:101930005C48D0F8010000EE100AB1EE400A5E48A3
:10194000D0ED000A30EE200A544880ED020A5948D2
:1019500090ED000A5948D0ED000A30EE200A4F48B9
:1019600080ED010A90ED010AD0ED030A30EE600A25
:1019700010EE101A084611F0B3FF41EC190B9FED61
:10198000500B53EC102B11F0B3FD09D2434890EDEE
:10199000010ADFED4D0A30EE600A80ED010A1DE01C
:1019A0003E4890ED010AD0ED030A30EE600A10EED9
:1019B000101A084611F094FF41EC190B9FED430BF0
:1019C00053EC102B11F0B2FB08D2344890ED010A11
:1019D000DFED3D0A30EE200A80ED010A2F4890ED40
:1019E000020AFBEE090AB4EEE00AF1EE10FA04D89E
:1019F000BBEE090A80ED020A0DE0284890ED020ACC
:101A0000F3EE070AB4EEE00AF1EE10FA03DBB3EEF0
:101A1000070A80ED020A23E0214890ED000A1F48E2
:101A200080ED040A1E4890ED010A1C4880ED030A6F
:101A30001B4890ED030A194880ED080A184890EDFC
:101A4000040A164880ED070A154890ED000A13486D
:101A500080ED020A124890ED010A104880ED010A5B
:101A60000E4890ED072A1B48D0ED002A22EE222ACC
:101A7000F0EE421A094890ED072AB0EE421A2BE028
:101A800074000020780000200000000000003E40AC
:101A900000000000000014407C000020802900208D
:101AA00090480020AC5700206C5700200000000038
:101AB0000000004068000020400000203C000020A2
:101AC00000000000008066400000B44300000000F9
:101AD000008066C08400002090ED032AF0EE420AE8
:101AE00090ED012AB0EE420A00F1140200F54B71AC
:101AF00000F5257002F0A5FBFFEE000A20EE200A9B
:101B0000BDEEC00A10EE100A01B2FE488184D0ED8D
:101B1000081AB0EE611AD0ED041AF0EE610AD0EDA9
:101B2000021AB0EE610ADFEDF81A00F1180200F5B2
:101B30005E7100F5387002F084FBF7EE000A20EECB
:101B4000200ABDEEC00A10EE100A01B2ED48C184B1
:101B5000F6E0EE4890ED000AEA4880ED040AEB4812
:101B600090ED010AE74880ED030AE84890ED030A8A
:101B7000E44880ED080AE54890ED040AE14880ED6C
:101B8000070A90ED0A0A80ED020A90ED0B0A80ED3B
:101B9000010ADF48006D502803D90021D94881840B
:101BA000CEE0DC48B0F90C0002EE100AB8EEC22A12
:101BB000D948D0ED002A22EE222AD848D0ED002ABA
:101BC000D74890ED003A62EE832AD64890ED003A6D
:101BD00002EE832AF0EE421ACA4890ED072AB0EED0
:101BE000421A90ED032AF0EE420A90ED012AB0EE7F
:101BF000420A00F1140200F5FE7100F5B27002F025
:101C000020FBFFEE000A20EE200A10EE104A2046CC
:101C100011F066FE41EC180BC348006811F060FE3D
:101C200041EC1E0B1FED5F1BB0EE4E0AF0EE6E0A8C
:101C30000FF006FCB0EE40CAF0EE60CABB48006888
:101C400011F04EFE41EC1D0B53EC1C2B11F0AAFAC7
:101C500041EC1A0BB648006811F042FE41EC1F0B34
:101C60009FEDB41BB0EE4F0AF0EE6F0A0FF0E8FBE9
:101C70008DED000BB148006811F032FE41EC1E0BF7
:101C80009DED000B53EC102B11F08CFA41EC1C0B6A
:101C90009C4890ED070AAA48D0ED000A20EE200AE1
:101CA00010EE101A084611F01BFE41EC1D0B53EC10
:101CB0001C2B10F091FF41EC1B0B53EC1A2B10F076
:101CC0008BFF41EC190B53EC182B10F085FFCDE97D
:101CD00002019DED020B51EC100B11F0CDF901B298
:101CE000884881848B48B0F90E0002EE100AB8EEE5
:101CF000C22A9448D0ED002A22EE222AF0EE421A9F
:101D0000804890ED082AB0EE421A90ED042AF0EED9
:101D1000420A90ED022AB0EE420A00F1180200F5E4
:101D2000127100F5D87002F08CFAF7EE000A20EE7E
:101D3000200ABDEEC00A10EE100A01B27148C1843B
:101D400004B0BDEC108B10BD10B52DED048B002040
:101D50007D4908707D49087000BF9FED6B0A694896
:101D600080ED020A694890ED000A664880ED040A99
:101D70009FED650A80ED010A654890ED121BB0EEFB
:101D8000410AF0EE610A51EC100B10F0E7FE10F082
:101D9000F1FE5C49C8605D4890ED040A084680ED9C
:101DA000070A5A4890ED030A084680ED080A90EDAC
:101DB000030A5FEDBB0A80EE201ABDEEC10A10EEE9
:101DC000104A4FF4B47104FB01F000EE100AB8EEB3
:101DD000C00A4C4880ED010A90ED010AD0ED030ADB
:101DE00030EE600ADFED5A0AB4EEE00AF1EE10FAC6
:101DF00008DB90ED010A5FEDCC0A30EE600A80ED61
:101E0000010A15E03F4890ED010AD0ED030A30EEDB
:101E1000600ADFED500AB4EEE00AF1EE10FA07D2E4
:101E200090ED010A5FEDD80A30EE200A80ED010A3C
:101E30003448D0ED071AB0EE611AD0ED031AF0EE77
:101E4000610AD0ED011AB0EE610ADFED2F1A00F140
:101E5000140200F1CC01343002F0F3F9FFEE000A75
:101E600020EE200ABDEEC00A10EE100A01B225488D
:101E70008184D0ED081AB0EE611AD0ED041AF0EEAC
:101E8000610AD0ED021AB0EE610ADFED1F1A00F10F
:101E9000180200F58C71803002F0D3F9F7EE000AD9
:101EA00020EE200ABDEEC00A10EE100A01B215485D
:101EB000C18490ED020AD0ED040A30EE600A10EE03
:101EC000101A084611F00CFD41EC190BB0EE490A4E
:101ED000F0EE690A0FF028FAB0EE408AF0EE608A60
:101EE0009FED1D0B53EC102B51EC180B11F01EF94C
:101EF0006FD8044890ED010AD0ED030A30EE600A75
:101F00002EE0000080290020000000009048002002
:101F1000504D0020805300206C0000208C000020D9
:101F2000980000207C000020740000208000002029
:101F30007800002000000000000008408800002019
:101F400084000020700000205C0000205D00002064
:101F500000003543000033C30000000000001040C3
:101F600010EE101A084611F0BBFC41EC190BB0EE54
:101F7000490AF0EE690A0FF0D7F9B0EE408AF0EEA8
:101F8000608A9FED3C0B53EC102B51EC180B11F0B9
:101F9000CDF81ED80120394981F83000384890ED3D
:101FA000000A384880ED000A90ED000A3648D0ED6E
:101FB000000A30EE200A354880ED000A314890EDE5
:101FC000000A3348D0ED000A30EE200A314880ED97
:101FD000000ABDEC048B10BD10B52848007803281A
:101FE00016D003DC38B101281BD10EE00B2812D02B
:101FF0000C2816D112E024212048001D0DF023FFEB
:1020000000201E4981F830000CE0FFF79DFE09E03A
:10201000FFF7B1FA06E0FFF7FDF803E0FEF75FFF18
:1020200000E000BF00BF154890ED020A1948D0ED4E
:10203000000AB4EEE00AF1EE10FA05D890ED000ABD
:102040000E4880ED020A0FE00C4890ED020A0F489E
:10205000D0ED000AB4EEE00AF1EE10FA04DB90EDE8
:10206000000A064880ED020A0448007803494870D7
:1020700010BD0000000000000000F83F8029002093
:10208000904800202800002030000020240000207C
:102090002C0000202000002010B52DED088BF94801
:1020A0000078F9490870F948807EF64908700846BA
:1020B0000078F5490978884206D00020F449087074
:1020C0004870F44908734873F048807E012804D0B2
:1020D00002287DD003287CD1C4E0ED480078012897
:1020E00011D0EA484088A0F5806000EB400000B2C3
:1020F000E8490882E5480088A0F5806000EB4000D0
:1021000001B2E4484182E2480078032857D1DF4910
:10211000B1F90610A1F5806010F0DDFF41EC1B0B5A
:102120009FEDDD0B53EC102B11F03CF841EC190B3B
:10213000D74890ED0A0A10EE101A084611F0D0FBAD
:1021400041EC1A0B53EC192B11F0E0FA41EC180B8F
:1021500010F010FDCE498862084690ED0B0ACB487E
:10216000B0F90400A0F5806000EE900AF8EEE00AF5
:102170009FEDCB1A00EE810A084680ED0B0A90ED28
:102180000A0AC848D0ED000AB4EEE00AF1EE10FAEF
:1021900005D890ED000A084680ED0A0A0FE0BC4819
:1021A00090ED0A0AC048D0ED000AB4EEE00AF1EE64
:1021B00010FA04DB90ED000AB54880ED0A0AB44835
:1021C000007801280AD0B24800780C2806D001E037
:1021D000DCE1E1E1AE4800780B2802D10120AD49F5
:1021E0000873AB480078012809D0A848807E0228EF
:1021F00005D0A748407810B90320A5490870A44825
:10220000407840B9A248007828B10120A049087060
:10221000002081F830009E480078032803D1012077
:102220009C4981F844009A4890F83000012818D160
:102230000320974908709548807F30B1012081F8CC
:1022400032000020934908730BE003209049087086
:10225000002081F8320003208E49087300218D4848
:1022600081829AE18A480078012870D0874890F8E6
:102270002D0038B10320874988734FF496608B494D
:10228000088006E00220834988734FF4487087492C
:1022900008807E4890F8290028B18448B0F90000F1
:1022A0007C4908820DE0794890F82B0030B17F48D6
:1022B0000088404200B27749088202E00020754958
:1022C0000882724890F82A00A8B17248807B0328DF
:1022D0000AD17649B1F90010484200EBD07149109B
:1022E0000AB26C494A8220E070480088404201B23C
:1022F0006848418219E0654890F82C0090B1654823
:10230000807B032808D16949B1F9000000EBD07146
:102310004910604A518208E06448B0F900105D48F5
:10232000418202E000215B4841825948007803283D
:102330006AD15648407D50B95448B0F90C0010F1AC
:10234000640F05DC6FF063005049888108E05BE0B2
:102350004E48B0F90C00642802DB64204B498881A8
:102360004A48B0F90E0010F1640F04DC6FF063010D
:102370004648C18107E04548B0F90E00642802DBF9
:1023800064214248C181424890ED0B0A3F48B0F9B0
:102390000C0000EE900AF8EEE00A9FED451A00EE00
:1023A000810A3B4880ED0B0A90ED0A0A3748B0F9E4
:1023B0000E0000EE900AF8EEE00A9FED3E1A00EEE5
:1023C000810A334880ED0A0A90ED0A0A3548D0EDBB
:1023D000000AB4EEE00AF1EE10FA05D890ED000A1A
:1023E0002B4880ED0A0A0FE0294890ED0A0A2E4892
:1023F000D0ED000AB4EEE00AF1EE10FA04DB90ED45
:10240000000A234880ED0A0A21480078012807D0F5
:102410001F4800780C2803D01D4800780B2802D1F3
:1024200001201C4908731A480078012809D0174870
:10243000807E022805D01648407810B90320144940
:1024400008701348407840B91148007828B101203D
:102450000F490870002081F830000D4800780328EB
:1024600003D101200B4981F84400094890F830005D
:10247000012873D1054890F84700E8B10C200449C1
:10248000087026E0A0000020A1000020805300205A
:1024900080290020D4300020FCA9F1D24D62803F79
:1024A0006F12033C20000020240000209C0000202C
:1024B0008FC2753D0AD7233D474890F8450018B1B3
:1024C0000B204649087004E0032044490870444941
:1024D0000873414890F83F0038B10720404908731D
:1024E00000213D4880F8401030E03D48C07B022884
:1024F00002D101203B4908703A480078012822D1D6
:102500003749C8733848006830B938484068384996
:10251000B0FBF1F0344908600720314908733348B3
:1025200040683349B0FBF1F02F490968401AB0F513
:10253000FA6F0BD903202A49087300202A49086042
:102540002849087002E00320254908732248407D8D
:1025500028B10120214981F8320004E015E0002073
:102560001E4981F832001C4890F8380010B1002054
:1025700020494870184890F8400018B101201849C7
:10258000C87302E000201649C87306E00020134912
:1025900008701349087300E000BF00BF1048007BBB
:1025A0000F494873BDEC088B10BD012080F31388E0
:1025B00000BF00BFBFF34F8F0F48006800F4E0601A
:1025C0000E490843001D0C490860BFF34F8F00BF40
:1025D00000BF00BFFDE700008053002080290020DD
:1025E000D4300020B2030020A4000020001000E03E
:1025F00040900200E00300200CED00E00000FA052E
:1026000010B5044604F168030122042104F110000E
:1026100008F096FB04F178030122022104F138004E
:1026200008F08EFB04F590730422114604F11800A3
:1026300008F086FB04F1E0030422114604F12000B7
:1026400008F07EFB04F1200104F1180009F0D9FF25
:1026500004F5D0730422114604F1480008F070FB21
:1026600004F5C0730422022104F1280008F068FB7D
:1026700004F5B0730222042104F1300008F060FB7D
:1026800004F1300104F1280009F0BBFF04F5F073F8
:102690000222114604F1400008F052FB04F1A003AD
:1026A0000422114604F1500008F04AFB04F18003B3
:1026B0000222042104F1580008F042FB04F5F873EB
:1026C0000422114604F1600008F03AFB10BD30B559
:1026D0002DED028B95B00446B0EE408AF0EE608A94
:1026E0000D467F48007828B901207D4908707D4853
:1026F000FFF786FF7C4B0422114613A808F020FB4D
:102700007A4B0422114611A808F01AFB784B0222DA
:1027100004210FA808F014FB764B042202210DA817
:1027200008F00EFB744B022211460BA808F008FBC0
:10273000724B0222114609A808F002FB704B0122DD
:10274000022107A808F0FCFA6E4B0122022105A81D
:1027500008F0F6FA6C4B0122042103A808F0F0FA05
:102760006A4B0122042101A808F0EAFAE06B80ED2F
:10277000008AE06BC0ED018A03AA04F1100104F1A4
:10278000180009F074F8042204F168015E480CF0A6
:102790001CFD2878002871D013AA04F1500104F11F
:1027A000180009F064F811AA04F1200113A809F037
:1027B0005EF804F1500204F1480111A808F02CF869
:1027C0000FAA04F1300104F1500009F050F80DAAED
:1027D00004F1500104F1280009F049F80BAA04F1B2
:1027E00030010DA809F043F809AA04F140010BA833
:1027F00008F012F80BA909A808F0AEFA04F1580283
:102800000BA90FA809F033F807AA04F1100104F18D
:10281000280009F02CF805AA07A904F1380009F0EE
:102820009AFE03AA05A904F1580009F020F801AAAC
:1028300003A904F1100007F0EFFF042204F168017E
:1028400032480CF0C2FC13AA04F1280104F158002C
:1028500009F00DF811AA13A904F1600009F07BFE3C
:1028600013AA04F1500111A809F001F8102204F193
:10287000A0011D480CF0A9FC00202870606990EDB3
:10288000000A84ED000A606990ED010A84ED010AF6
:10289000606990ED020A84ED020A606990ED030A16
:1028A00084ED030A15B0BDEC028B30BD10B50446B3
:1028B0000C48FFF7A5FE9FED160A606980ED000A3F
:1028C0009FED130A606980ED010A9FED110A6069AE
:1028D00080ED020A9FED0E0A606980ED030A10BDCB
:1028E000EC020020AC000020FC3100208C310020E4
:1028F0003C320020CC3100205C320020EC31002042
:10290000E4020020DC0200207C3100206C32002038
:102910000000000010B5B2EE041ADFEDFE0AB3EEBF
:10292000040A4FF47A7341F270720321FA4801F0FD
:102930004AFC9FEDFA1ADFEDF90AB3EE0E0A42F2F5
:1029400010731A460321F64801F03DFC9FEDF31A7F
:10295000DFEDF40AB3EE040A0A234FF4FA720321FE
:10296000F14801F030FC9FEDED1ADFEDEC0A9FED30
:10297000EF0A41F27C5342F210720321EC4801F05D
:1029800022FC9FEDE61ADFEDE50A9FEDE80A4FF421
:10299000FA7343F68C420321E64801F014FC9FEDE4
:1029A000DF1ADFEDDE0A9FEDE10A4FF4FA7343F61A
:1029B0008C420321DF484C3801F005FC9FEDDE0A14
:1029C000DE4880ED050A0120DC4948709FEDDC0AF5
:1029D000084680ED150A10BDF0EE400AB3EE0B0A72
:1029E00030EE600AD74880ED000A90ED000AB2EEA2
:1029F000041A20EE010A7047D348B0F83F10B0F82F
:102A00004E00081A0A2190FBF1F000EE100AB8EE11
:102A1000C00ACA4880ED110ACB48B0F83D00C7494A
:102A2000A1F85E00C84890F83800012805D1B2EE40
:102A30000C0A084680ED130A67E0C34890F8380096
:102A4000022805D1B3EE000ABC4880ED130A5CE011
:102A5000BD4890F83800032805D1B3EE020AB74804
:102A600080ED130A51E0B84890F83800042805D1E9
:102A7000B3EE030AB14880ED130A46E0B24890F87D
:102A80003800052805D1B3EE040AAC4880ED130ADE
:102A90003BE0AD4890F83800062805D1B3EE050AB2
:102AA000A64880ED130A30E0A74890F838000728C0
:102AB00005D1B3EE080AA14880ED130A25E0A2482B
:102AC00090F83800082805D1B3EE090A9B4880ED3C
:102AD000130A1AE09C4890F83800092805D1B3EE93
:102AE000090A964880ED130A0FE0974890F83800DD
:102AF0000A2805D1B3EE0A0A904880ED130A04E0D3
:102B0000B3EE030A8D4880ED130A704710B52DED22
:102B10000A8BFFF771FF894890ED130AB5EEC00AE2
:102B2000F1EE10FA7CD0884890F838000B2878D263
:102B3000DFE800F07706356478A7D6EEEDECEB0021
:102B40007E4890ED130A10EE101A084610F0C8FEE9
:102B500041EC190B794890ED110A10EE101A084655
:102B600010F0BEFE41EC1C0B9FED780B53EC102BCC
:102B700010F0CCFD41EC1B0B9FED760B53EC102BB2
:102B800010F010FB41EC1A0B53EC192B10F0E0F88D
:102B900041EC180B0FF0EEFF68490864D1E167487B
:102BA00090ED130A10EE101A084610F099FE41EC51
:102BB000190B624890ED110A10EE101A084610F039
:102BC0008FFE41EC1C0B9FED610B53EC102B10F0B2
:102BD0009DFD41EC1B0B9FED5F0B53EC102B10F098
:102BE000E1FA41EC1A0B53EC192B10F0B1F841EC5F
:102BF000180B0FF0BFFF51490864A2E14F4890ED58
:102C0000110AF1EE000A30EE600ADFED540A20EE00
:102C1000200AD0ED130A80EE201A80ED101A90E100
:102C200090E17CE1454890ED130A10EE101A084639
:102C300010F056FE41EC190B404890ED110A10EED1
:102C4000101A084610F04CFE41EC1C0B9FED440B93
:102C500053EC102B10F05AFD41EC1B0B9FED3D0B7C
:102C600053EC102B10F09EFA41EC1A0B53EC192B7D
:102C700010F06EF841EC180B0FF07CFF2F49086440
:102C80005FE12E4890ED130A10EE101A084610F07E
:102C900027FE41EC190B294890ED110A10EE101A8D
:102CA000084610F01DFE41EC1C0B9FED2F0B53EC62
:102CB000102B10F02BFD41EC1B0B9FED260B53EC62
:102CC000102B10F06FFA41EC1A0B53EC192B10F08B
:102CD0003FF841EC180B0FF04DFF1849086430E144
:102CE000164890ED130A10EE101A084610F0F8FD81
:102CF00041EC190B114890ED110A10EE101A08461C
:102D000010F0EEFD41EC1C0B32E0D9E0A9E079E0D7
:102D100049E00000CDCC4C3E7C3200200000000099
:102D2000603300200AD7233CC8320020000048420C
:102D300014330020F8330020008072C4F002002019
:102D40000000A04288030020C45200209A9999995B
:102D5000999905400000000000408F4000007A442F
:102D6000CDCCCCCCCCCC10409A9999999999114062
:102D70009FEDFE0B53EC102B10F0C8FC41EC1B0B2D
:102D80001FED0C0B53EC102B10F00CFA41EC1A0B4E
:102D900053EC192B0FF0DCFF41EC180B0FF0EAFE9F
:102DA000F4490864CDE0F34890ED130A10EE101AD0
:102DB000084610F095FD41EC190BEE4890ED110A14
:102DC00010EE101A084610F08BFD41EC1C0B9FED25
:102DD000EA0B53EC102B10F099FC41EC1B0B1FED90
:102DE000230B53EC102B10F0DDF941EC1A0B53ECD4
:102DF000192B0FF0ADFF41EC180B0FF0BBFEDD49B6
:102E000008649EE0DB4890ED130A10EE101A0846A5
:102E100010F066FD41EC190BD64890ED110A10EE4A
:102E2000101A084610F05CFD41EC1C0B9FEDD40B12
:102E300053EC102B10F06AFC41EC1B0B1FED3B0B0D
:102E400053EC102B10F0AEF941EC1A0B53EC192B8C
:102E50000FF07EFF41EC180B0FF08CFEC5490864A3
:102E60006FE0C44890ED130A10EE101A084610F0F7
:102E700037FD41EC190BBF4890ED110A10EE101A06
:102E8000084610F02DFD41EC1C0B9FEDBF0B53ECE1
:102E9000102B10F03BFC41EC1B0B1FED520B53ECC5
:102EA000102B10F07FF941EC1A0B53EC192B0FF09B
:102EB0004FFF41EC180B0FF05DFEAE49086440E097
:102EC000AC4890ED130A10EE101A084610F008FDF9
:102ED00041EC1A0BA74890ED110A10EE101A0846A3
:102EE00010F0FEFC41EC1C0B9FEDA90B53EC102BDA
:102EF00010F00CFC41EC1B0B1FED6A0B53EC102B7C
:102F000010F050F941EC180B53EC1A2B0FF020FF86
:102F100041EC190B0FF02EFE9649086411E095481C
:102F200090ED110AF1EE000A30EE600A5FED750ACD
:102F300020EE200AD0ED130A80EE201A80ED101A40
:102F400000BF00BFBDEC0A8B10BD10B52DED048B8A
:102F5000884890F83C00012831D1864890F83A0022
:102F600001282CD183484078012828D18A4800685C
:102F7000401C8949086008460068142834DA7D48F6
:102F800090ED110AF1EE000AB4EEE00AF1EE10FA4B
:102F90002ADD90ED130A10EE101A084610F0A0FC7E
:102FA00041EC190B9FED7D0B53EC102B10F0FAF850
:102FB00041EC180B0FF0DEFD6E49C86414E00020F0
:102FC000754908606B4890ED130AB5EEC00AF1EE42
:102FD00010FA04D0734890ED040A80ED030A1FED47
:102FE000B10A644880ED130ABDEC048B10BD10B526
:102FF0002DED088B6C49B1F83D0010F083F841ECE1
:103000001B0B9FED6A0B53EC102B10F0CBF841EC2F
:10301000190B6549B1F83F20B1F84E10501A10F065
:103020005AF841EC1A0B53EC192B0FF0D5FD41EC7B
:10303000180B0FF09FFD4F4948650846D0ED150A63
:103040005C4890ED000AB8EEC00AF4EEC00AF1EE5A
:1030500010FA02DD0120487002E000204549487066
:10306000BDEC088B10BD10B52DED028B2D20414914
:1030700081F84800FFF74AFD4F4800780B2873D0CD
:103080004D4800780C28FAD03A4890ED100AB5EE79
:10309000C00AF1EE10FA68DD90F83C00012864D116
:1030A000344890F83A000128F9D132484078012894
:1030B000F5D142480068401C404908600968C829A9
:1030C0000FD33F49D1F8A001002801DB014600E001
:1030D0004142032905DA01203A49087000203749A6
:1030E000086038480078012876D137480068401CCD
:1030F0003549086008460068642804D90020314931
:103100000870314908601B4890ED130ADFED2F0A63
:1031100020EE200ADFED2E0A20EE200ADFED2D0A38
:1031200080EE201A90ED040A30EE410A80ED030A89
:10313000234890ED6A1BB0EE410AF0EE610A51ECB3
:10314000100B0FF017FD0B4908611D48D0F8A001C6
:1031500000EE100AB8EEC00A084680ED020AD0ED73
:10316000021AB0EE611A38E0AFE09CE0666666666F
:1031700066661240F00200200000000000001440CB
:1031800033333333333317403333333333331B4029
:103190009A99999999991D408C03002033333333C0
:1031A0003333F33F7C320020C4520020FCA9F1D21B
:1031B0004D62603F6C0300208029002090030020B6
:1031C000685000209C03002094030020000034423B
:1031D000000010420000FA4315E0D0ED041AF0EEB2
:1031E000610AD0ED031AB0EE610ADFEDFB1A021D91
:1031F000FA49FB4801F025F8BDEEC00A10EE100AAE
:1032000000B2F8498886F74890F83C00F0B3F648D9
:103210000078D8BBF34890ED130A5FED140A20EE56
:10322000200A5FED150A60EE200A1FED161A80EEE7
:10323000810AD0ED040A30EE200A80ED030AEB4843
:1032400090ED6A1BB0EE410AF0EE610A51EC100BF2
:103250000FF090FCE3490861E448D0F8A00100EECB
:10326000100AB8EEC00A084680ED020AD0ED021A34
:10327000B0EE611AD0ED041AF0EE610AD0ED031A37
:10328000B0EE610ADFEDD41A021D00E017E0D34969
:10329000D34800F0D6FFBDEEC00A10EE100A00B20F
:1032A000D04988860BE0CE4890ED040A80ED030AF1
:1032B0000020CC498886CE490860CE4908600020AD
:1032C000CD490860CD490860FEE0CB480068E0B910
:1032D0000120CB490870C54890ED6A1BB0EE410A49
:1032E000F0EE610A9FEDC71B53EC112B51EC100B54
:1032F0000FF02EFD41EC180B0FF03CFCB9490861B2
:10330000084690ED040A80ED030ABB480068401CA3
:10331000B9490860B34890F83C00012879D1BB480E
:10332000007D012805D1BA480068401CB8490860F2
:1033300002E00020B6490860B5480068B0F5967F05
:103340000BDDB44800684FF4487190FBF1F201FBCB
:10335000120010B90020B0490870AC48007D012867
:1033600004D0AA4890F8280001280ED1AA48007875
:1033700030B90120A84908709A4981F83A0007E05D
:103380000020984981F83A0002E00020A249087024
:103390009B480078E0B3A1480068401C9F49086042
:1033A00008460068B0F5C87F0EDA8E48D0ED030AF3
:1033B00090F8480000EE100AB8EE400A30EEC00A5D
:1033C000884880ED030A3DE094480068B0F5C87F66
:1033D0000FDB92480068B0F5167F0ADA814890ED5D
:1033E000040A80ED030A85480068401C8349086090
:1033F00028E07C4890ED030AF3EE020A30EE200A42
:1034000080ED030A00207E4908708449086019E0B5
:1034100000E051E0734890F83A00012812D1714859
:10342000D0ED030A90F8480000EE100AB8EE400A0A
:1034300030EE800A6B4880ED030A70480068401C3B
:103440006E490860694890ED6A1BB0EE410AF0EEE3
:10345000610A9FED731B53EC112B51EC100B0FF015
:1034600077FC41EC180B0FF085FB5E4908615F4863
:10347000B0F9B40100EE100AB8EEC00A084680EDBB
:10348000020AD0ED021AB0EE611AD0ED041AF0EE85
:10349000610AD0ED031AB0EE610ADFED4F1A021D8A
:1034A0006149624800F0CDFEBDEEC00A10EE100A80
:1034B00000B24C49888607E04A4890ED040A80ED46
:1034C000030A002047498886BDEC028B10BD10B569
:1034D000444890F83C00012820D14248D0ED1C0A15
:1034E000B0EE600AFFF778FA3E48D0ED050A30EEFC
:1034F000C00A4F4880ED030A3A48D0ED1C0AB0EEEE
:10350000600AFFF769FA3748D0ED050AF1EE600A64
:1035100030EE200A464880ED160A08E09FED2E0A9C
:10352000434880ED030A9FED2C0A80ED160A4148BE
:10353000D0F8A00100EE100AB8EEC00A3C4880EDB9
:10354000040A3C48D0F8F80100EE100AB8EEC00AB0
:10355000374880ED170A90ED031AF0EE410A90ED1E
:10356000041AB0EE410A00F0D3FABDEEC00A10EE24
:10357000100A00B21B49C8862D4890ED161AF0EECD
:10358000410A90ED171AB0EE410A4C3000F0C0FA33
:10359000BDEEC00A10EE100A01B21248018710BD3C
:1035A00010B51A48807E012804D0022874D0032860
:1035B00073D165E01548C07F68B10120094981F8E1
:1035C0003C001D4890F83200012839D101021B4807
:1035D00005F040F843E039E00000000060330020CF
:1035E0007C320020F00200209C0300206850002064
:1035F0009003002094030020740300207C0300202B
:1036000078030020CBA145B6F30D42408053002043
:1036100080030020180000209D030020700300207C
:10362000000000C0F30D424014330020C8320020D7
:10363000AC330020584E00208029002000000240BA
:103640004FF48071664805F003F808E000206549F2
:1036500081F83C004FF48071614804F0FBFF624840
:10366000B0F9080040F2DC51884204DD01205D49D8
:1036700081F83A0003E000205A4981F83A0069E0F5
:103680005948407D01280ED15748007D012805D1B9
:10369000544981F83A0012E050E05AE000205149C4
:1036A00081F83A000BE05048007D012803D14D49D4
:1036B00081F83A0003E000204A4981F83A004A487C
:1036C00090F8360048B349480068401C47490860F4
:1036D00008460068B0F5FA7F15DA0120414981F803
:1036E0003C0081F87800424890F83200012804D16B
:1036F00001023B4804F0AEFF12E04FF480713848FD
:1037000004F0A6FF0CE00020364981F83C004FF49D
:103710008071334804F09EFF02E0002033490860C6
:10372000314890F8400020B101202E4981F83B003B
:1037300003E000202B4981F83B000BE000202949E1
:1037400081F83C0081F83A002A4908602A4908605B
:1037500000E000BF00BF10BD10B5FFF721FFFFF76D
:1037600046FCFFF780FCFFF7B2FE10BDF0EE400A0A
:1037700090ED010A80ED020A90ED040A80ED050A41
:1037800090ED010A80ED020A90ED040A80ED050A31
:1037900090ED020A90ED001A30EE010A90ED021A47
:1037A000C1EE001AC0ED031A90ED050A90ED031A60
:1037B000D0ED051A70EEE11A01EE210A80ED040A3F
:1037C00090ED030AB7EE001A31EE400A90ED021AAE
:1037D00020EE010A80ED010A90ED040A7047000016
:1037E00000000240F00200208053002084030020EB
:1037F00080290020740300207C03002010B59FED79
:103800009D1ADFED9C0AB2EE0E0A0A2341F28832BD
:103810000321994800F0D7FC9FED961ADFED950A39
:10382000B1EE000A0A234FF49672032192484C30FD
:1038300000F0C9FC9FED8F1ADFED8E0AB2EE000A90
:103840000A2342F2107203218B48983000F0BBFC2F
:103850009FED881ADFED870A9FED880A0A234FF44F
:10386000967203218448E43000F0ADFC10BD84481A
:10387000807E012802D003282DD110E08048B0F9C5
:10388000080040F2DC51884204DD02207A491C39EC
:10389000087603E0012078491C3908761CE0784856
:1038A00090F8320048B174481C38007E012804D1D9
:1038B000022071491C3908760CE0714890F83400F8
:1038C00040B16D481C38007E022803D101206A49AE
:1038D0001C39087600E000BF00BF704710B52DED21
:1038E000048BFFF7C4FF64481C38807800286FD130
:1038F00061491C3908769FED630A084680ED030A8A
:103900006148006C00EE100AB8EEC00A084680ED6F
:10391000040A90ED031AF0EE410A90ED041AB0EE9D
:10392000410A1C3000F0F4F8BDEEC00A10EE100A97
:1039300001B251481C3881825349B1F956000FF049
:10394000CAFB41EC190BB0EE490AF0EE690A0DF022
:10395000EBFCB0EE408AF0EE608A9FED4C0B53EC2E
:10396000102B51EC180B0FF0C3FD31D24649086CF7
:103970000FF0B1FB41EC190BB0EE490AF0EE690A09
:103980000DF0D2FCB0EE408AF0EE608A9FED410B64
:1039900053EC102B51EC180B0FF0C8FB18D2364823
:1039A0001C380088401C34491C39088008460088AF
:1039B000B0F57A7F0CDB3448806833498861002198
:1039C0002D481C38818201202B491C3908768870CB
:1039D00029481C388078012849D1002026491C3903
:1039E00008800846007E022805D19FED2C0A084673
:1039F00080ED010A05E09FED1F0A1F481C3880ED8D
:103A0000010A2148006C00EE100AB8EEC00A1A48FC
:103A10001C3880ED040A1C4890ED121BB0EE410AE0
:103A2000F0EE610A51EC100B0FF0A4F812491C39AA
:103A300088600846D0ED041AB0EE611AD0ED021A83
:103A4000F0EE610AD0ED011AB0EE610ADFED091A5D
:103A500000F10C02B43100F5807000F0F2FBBDEE15
:103A6000C00A10EE100A01B203481C388182BDEC76
:103A7000048B10BD0000000060340020CDCC4C3F12
:103A8000805300200000C8422052002000000000A7
:103A900000509440000000000000F03F00C05AC5F4
:103AA000D0ED000AF4EEC00AF1EE10FA01DD80ED6F
:103AB000000AD0ED000AB1EE401AF4EEC10AF1EEB0
:103AC00010FA03D2F1EE400AC0ED000A7047036419
:103AD000C263816380ED000AC0ED010A80ED021A25
:103AE000704780ED000AC0ED010A80ED021ADFED9B
:103AF000FE1AC0ED081ADFEDFC1AC0ED091ADFED61
:103B0000FA1AC0ED0A1ADFEDF81AC0ED0B1A704769
:103B100010B52DED088B0446B0EE408AF0EE608AB9
:103B200084ED048AC4ED038A38EEC80A84ED070ADE
:103B300094ED0C0AB5EEC00AF1EE10FA27D094ED20
:103B40000C0A10EE101A08460FF0CAFE41EC190BD1
:103B500094ED070A10EE101A08460FF0C1FE41EC72
:103B60001B0BB0EE4B0AF0EE6B0A0DF0DDFBB0EE76
:103B700040AAF0EE60AA53EC192B51EC1A0B0FF08F
:103B8000B7FC04D29FEDD80ABDEC088B10BDA06B2A
:103B900003283ED194ED000AD4ED070A20EE200A56
:103BA00084ED080A94ED090AD4ED010A94ED071A90
:103BB00000EE810A84ED090A94ED070AD4ED060AA5
:103BC00030EE600AD4ED020A20EE200A84ED0A0AE3
:103BD000D4ED100AF8EE600AB0EE600A04F1240099
:103BE000FFF75EFF94ED080AD4ED090A30EE200AD3
:103BF000D4ED0A0A30EE200A84ED0B0AD4ED0F0A48
:103C0000F8EE600AB0EE600A04F12C00FFF748FFFE
:103C100042E0A06B04283FD194ED070AD4ED060AD8
:103C200030EE600AD4ED000A20EE200A84ED080A86
:103C300094ED010AD4ED070A20EE200A84ED090A6A
:103C400094ED070AD4ED060AB0EE001A01EE600A00
:103C5000D4ED050A30EE200AD4ED020A20EE200A47
:103C600084ED0A0A94ED080AD4ED090A30EE200A20
:103C7000D4ED0A0A30EE200AD4ED0B0A30EE200A09
:103C800084ED0B0AD4ED0F0AF8EE600AB0EE600A7C
:103C900004F12C00FFF704FF94ED060A84ED050AF9
:103CA00094ED070A84ED060A94ED0D0AB5EEC00AFC
:103CB000F1EE10FA25D094ED0D0A10EE101A084618
:103CC0000FF00EFE41EC190B94ED0B0A10EE101ADA
:103CD00008460FF005FE41EC1B0BB0EE4B0AF0EE70
:103CE0006B0A0DF021FBB0EE40AAF0EE60AA53EC97
:103CF000192B51EC1A0B0FF019FA02D29FED7A0A28
:103D000042E794ED0B0A3FE710B52DED088B044612
:103D1000B0EE408AF0EE608A84ED048AC4ED038A36
:103D200038EEC80A84ED070A94ED0C0AB5EEC00A15
:103D3000F1EE10FA27D094ED0C0A10EE101A084696
:103D40000FF0CEFD41EC190B94ED070A10EE101A9E
:103D500008460FF0C5FD41EC1B0BB0EE4B0AF0EE30
:103D60006B0A0DF0E1FAB0EE40AAF0EE60AA53EC57
:103D7000192B51EC1A0B0FF0BBFB04D29FED5A0A22
:103D8000BDEC088B10BDA06B03283ED194ED000A5A
:103D9000D4ED070A20EE200A84ED080A94ED090A02
:103DA000D4ED010A94ED071A00EE810A84ED090AA8
:103DB00094ED070AD4ED060A30EE600AD4ED020A4B
:103DC00020EE200A84ED0A0AD4ED100AF8EE600A0B
:103DD000B0EE600A04F12400FFF762FE94ED080AD9
:103DE000D4ED090A30EE200AD4ED0A0A30EE200A9A
:103DF00084ED0B0AD4ED0F0AF8EE600AB0EE600A0B
:103E000004F12C00FFF74CFE3EE0A06B04283BD1F0
:103E100094ED070AD4ED060A30EE600AD4ED000AEC
:103E200020EE200A84ED080A94ED010AD4ED070A79
:103E300020EE200A84ED090A94ED070AD4ED060A63
:103E4000B0EE001A01EE600AD4ED050A30EE200A49
:103E5000D4ED020A20EE200A84ED0A0A94ED080A45
:103E6000D4ED0A0A30EE200AD4ED0B0A30EE200A17
:103E700084ED0B0AD4ED0F0AF8EE600AB0EE600A8A
:103E800004F12C00FFF70CFE94ED060A84ED050A00
:103E900094ED070A84ED060A94ED0D0AB5EEC00A0A
:103EA000F1EE10FA28D094ED0D0A10EE101A084623
:103EB0000FF016FD41EC190B94ED0B0A10EE101AE1
:103EC00008460FF00DFD41EC1B0BB0EE4B0AF0EE77
:103ED0006B0A0DF029FAB0EE40AAF0EE60AA53EC9E
:103EE000192B51EC1A0B01E0000000000FF01EF935
:103EF00002D21FED030A43E794ED0B0A40E710B529
:103F00002DED0A8B0446F0EE408AB0EE609AB0EEDA
:103F1000418AC4ED048A84ED039A39EE680A84ED7F
:103F2000070A18EE100A0FF0DBFC41EC1A0B94EDB7
:103F3000070A10EE101A08460FF0D2FC41EC1C0BD9
:103F4000B0EE4C0AF0EE6C0A0DF0EEF9B0EE40BAAD
:103F5000F0EE60BA53EC1A2B51EC1B0B0FF0E6F8A5
:103F600004D21FED1F0A84ED070A1CE094ED070A36
:103F7000B4EEC80AF1EE10FA06DD94ED070A30EE51
:103F8000480A84ED070A0EE094ED070AF1EE480AAC
:103F9000B4EEE00AF1EE10FA05D294ED070A30EE25
:103FA000080A84ED070A18EE100A0FF099FC41EC9C
:103FB0001A0B39EE680A10EE101A08460FF090FC42
:103FC00041EC1C0BB0EE4C0AF0EE6C0A0DF0ACF9B3
:103FD000B0EE40BAF0EE60BA53EC1A2B51EC1B0B6A
:103FE0000FF0A4F803D21FED400A84ED070A94ED08
:103FF0000C0AB5EEC00AF1EE10FA27D094ED0C0AC7
:1040000010EE101A08460FF06BFC41EC1A0B94ED01
:10401000070A10EE101A08460FF062FC41EC1C0B68
:10402000B0EE4C0AF0EE6C0A0DF07EF9B0EE40BA3C
:10403000F0EE60BA53EC1A2B51EC1B0B0FF058FA50
:1040400004D21FED570ABDEC0A8B10BDA06B0328EC
:104050003ED194ED000AD4ED070A20EE200A84ED4B
:10406000080A94ED090AD4ED010A94ED071A00EE4E
:10407000810A84ED090A94ED070AD4ED060A30EEB0
:10408000600AD4ED020A20EE200A84ED0A0AD4ED7B
:10409000100AF8EE600AB0EE600A04F12400FFF79F
:1040A000FFFC94ED080AD4ED090A30EE200AD4EDA5
:1040B0000A0A30EE200A84ED0B0AD4ED0F0AF8EE5E
:1040C000600AB0EE600A04F12C00FFF7E9FC42E060
:1040D000A06B04283FD194ED070AD4ED060A30EE18
:1040E000600AD4ED000A20EE200A84ED080A94ED5F
:1040F000010AD4ED070A20EE200A84ED090A94EDA6
:10410000070AD4ED060AB0EE001A01EE600AD4EDFB
:10411000050A30EE200AD4ED020A20EE200A84EDD2
:104120000A0A94ED080AD4ED090A30EE200AD4ED0B
:104130000A0A30EE200AD4ED0B0A30EE200A84ED94
:104140000B0AD4ED0F0AF8EE600AB0EE600A04F133
:104150002C00FFF7A5FC94ED060A84ED050A94ED0A
:10416000070A84ED060A94ED0D0AB5EEC00AF1EED9
:1041700010FA25D094ED0D0A10EE101A08460FF033
:10418000AFFB41EC1A0B94ED0B0A10EE101A084627
:104190000FF0A6FB41EC1C0BB0EE4C0AF0EE6C0AE3
:1041A0000DF0C2F8B0EE40BAF0EE60BA53EC1A2B44
:1041B00051EC1B0B0EF0BAFF02D21FEDB50A42E71D
:1041C00094ED0B0A3FE72DE9F0412DED048B0446F9
:1041D0000D4616461F46B0EE408AF0EE608AB0EEFD
:1041E000419A2A486064B0EE491AF0EE680AB0EECF
:1041F000480A3B46324629462046D4F844C0E047A8
:10420000BDEC048BBDE8F0811FEDC90A80ED080A02
:104210001FEDCB0A80ED090A1FEDCD0A80ED0A0AD9
:104220001FEDCF0A80ED0B0A1FEDD10A80ED050AC4
:104230001FEDD30A80ED060A1FEDD50A80ED070AAF
:10424000704770B52DED048B06460D461446B0EE52
:10425000408AF0EE608AB0EE419AF0EE619AF0EE9C
:10426000480AB0EE680A3046FFF752FC30EE290AE1
:1042700084ED000A94ED000AF0EE400AB0EE490A1F
:104280002846FFF745FCBDEC048B70BDCF3A000813
:1042900010B504462068A0F2012030B1012809D0F1
:1042A00002280DD0032815D10FE02146254800F043
:1042B000B7F910E021462348583000F0B1F90AE080
:1042C0002146214800F0ACF905E021461F4800F0E6
:1042D000A7F900E000BF00BF10BD10B5044620687C
:1042E000A0F2052010B101280ED106E040F682228E
:1042F0002146174800F0A7F907E041F698722146D9
:10430000144800F0A0F900BF00BF00BF10BD08B501
:10431000002000901048B0F92620B0F924100023A6
:104320000E4800F0B6F90E48B0F9140000900D48A0
:10433000B0F93430B0F93820B0F936100A4800F03E
:1043400054FA08BDB84F0020C85100202052002068
:10435000504D0020F84C00208029002000680040CB
:1043600044340020F00200200064004070B505468F
:104370000C464C22A91D39480BF0EEFC374890ED55
:104380000D0AB1EE400A84ED000A354890ED000AAE
:10439000344880ED000A314890ED0E0A304880ED37
:1043A000000A90ED000A2F48D0ED000A30EE600AB6
:1043B000DFED2D0AB4EEE00AF1EE10FA05DB2B4832
:1043C0000068401E2949086013E0254890ED000A66
:1043D0002448D0ED000A30EE600ADFED250AB4EE85
:1043E000E00AF1EE10FA04D820480068401C1F498A
:1043F00008601E4800684FF4B471484300EE100A8C
:10440000B8EEC00A1648D0ED000A30EE200AB1EE30
:10441000400A84ED010A114890ED0C0A84ED020A6D
:1044200090ED060AB1EE400A84ED030A90ED080A09
:10443000B1EE400A84ED040A90ED070A84ED050A06
:1044400090ED030A84ED060A90ED050A84ED070A53
:1044500090ED040A84ED080A70BD00007852002037
:10446000A4030020A00300200000A243A803002012
:104470000000A2C30A7BCB7A42EA032282618269EE
:104480008260826942600269521C026170472DE9B4
:10449000F04104460D460026002720686060287B16
:1044A000E97A40EA0120206020686168401AE060F3
:1044B000E06810F5805F07DAA06B401CA063E0683D
:1044C00000F50050E0610DE0E068B0F5805F07DDC9
:1044D000A06B401EA063E068A0F50050E06101E021
:1044E000E068E0612168A06B01EB4030A0602068CB
:1044F000A269801A00EE100AF8EEC00AA06B4FF411
:10450000B472504300EE100AB8EEC00A9FEDFE1AD6
:1045100000EE810A10EE101A08460FF0E1F941ECA6
:10452000100B84ED120BE269207D411C217504F112
:10453000200141F82020207D062801D1002020758F
:10454000002605E004F1200050F826000744761C00
:10455000062EF7DB062097FBF0F02064A97B687B32
:1045600041EA002000B2A4F85400297CE87B41EA2B
:10457000002000B2A4F85600BDE8F08170B50446F2
:104580000D4620686060287BE97A40EA01202060BF
:1045900020686168401AE060E06810F5805F07DA23
:1045A000A06B401CA063E06800F50050E0610DE0E6
:1045B000E068B0F5805F07DDA06B401EA063E06897
:1045C000A0F50050E06101E0E068E0612168A06BC7
:1045D00001EB4030A0602068A269801A00EE100A4A
:1045E000F8EEC00AA06B4FF4B472504300EE100A0C
:1045F000B8EEC00A9FEDC51A00EE810A10EE101A3F
:1046000008460FF06DF941EC100B84ED120B687B3E
:10461000000200B2A97B08432064687C206570BD5D
:1046200070B504460D46E06B401CE063E06B052866
:1046300004DC29462046FFF71DFF03E029462046FB
:10464000FFF725FF70BD70B504460E461546E06BBA
:10465000401CE063E06B022800DCA5613146204687
:10466000FFF78CFFE06B0A2812DCA069A168401AF2
:1046700010F57A6F03DA05F50050A06108E0A06933
:10468000A168401AB0F57A6F02DDA5F50050A0616F
:1046900070BD2DE9F04186B080460C4615461E4699
:1046A0000C9F201E01DB014600E0414247F2481208
:1046B00091420ADD201E01DB014600E0414247F243
:1046C0004812624392FBF1F10CB2281E01DB014655
:1046D00000E0414247F2481291420ADD281E01DB08
:1046E000014600E0414247F248126A4392FBF1F171
:1046F0000DB2301E01DB014600E0414247F2481294
:1047000091420ADD301E01DB014600E0414247F2E2
:104710004812724392FBF1F10EB2381E01DB0146E2
:1047200000E0414247F2481291420ADD381E01DBA7
:10473000014600E0414247F248127A4392FBF1F110
:104740000FB240F2FF10019000208DF80C008DF8A0
:104750000D0008208DF80E00200A8DF80F008DF84E
:104760001040290A8DF811108DF81250310A8DF879
:1047700013108DF81460390A8DF815108DF8167025
:1047800001A9404603F028F906B0BDE8F0812DE903
:10479000F04186B080460C4615461E460C9F40F2FE
:1047A000FF20019000208DF80C008DF80D000820EE
:1047B0008DF80E00200A8DF80F008DF81040290AA0
:1047C0008DF811108DF81250310A8DF813108DF8F4
:1047D0001460390A8DF815108DF8167001A940463D
:1047E00003F0FAF806B0BDE8F0812DE9F04186B09B
:1047F00080460C4615461E460C9F201E01DB0146D6
:1048000000E0414247F2481291420ADD201E01DBDE
:10481000014600E0414247F24812624392FBF1F147
:104820000CB2281E01DB014600E0414247F248126B
:1048300091420ADD281E01DB014600E0414247F2B9
:1048400048126A4392FBF1F10DB2301E01DB0146C2
:1048500000E0414247F2481291420ADD301E01DB7E
:10486000014600E0414247F24812724392FBF1F1E7
:104870000EB2381E01DB014600E0414247F2481209
:1048800091420ADD381E01DB014600E0414247F259
:1048900048127A4392FBF1F10FB24FF4007001908D
:1048A00000208DF80C008DF80D0008208DF80E000A
:1048B000200A8DF80F008DF81040290A8DF811108C
:1048C0008DF81250310A8DF813108DF81460390AE2
:1048D0008DF815108DF8167001A9404603F07CF88C
:1048E00006B0BDE8F0812DE9F04186B080460C4667
:1048F00015461E460C9F40F2FF10019000208DF8D7
:104900000C008DF80D0003E0FFFF333D0000343D47
:1049100008208DF80E00200A8DF80F008DF8104049
:10492000290A8DF811108DF81250310A8DF81310E4
:104930008DF81460390A8DF815108DF8167001A9DC
:10494000404603F049F806B0BDE8F08130B50346B3
:1049500005E013F8010B80EA0204D248025D081E4C
:10496000A1F10101F5D1104630BD70B505460C46E8
:1049700000260DB1022C01D8002070BD611EFF225F
:104980002846FFF7E3FF0646601E285CB04201D1CF
:104990000120F2E70020F0E770B505460C4600263E
:1049A0000DB1022C00D870BD611EFF222846FFF712
:1049B000CDFF0646601E2E5400BFF4E730B5034617
:1049C00013B94FF6FF7030BD09E013F8014B82EACE
:1049D0000400C0B2B44D35F8100080EA2222081E4F
:1049E000A1F10101F1D11046EDE770B505460C4685
:1049F00000260DB1022C01D8002070BDA11EAB48CD
:104A000002882846FFF7DAFF0646F1B2A01E285CAE
:104A1000814206D1601E285CB0EB162F01D1012027
:104A2000EBE70020E9E770B505460C4600260DB11E
:104A3000022C00D870BDA11E9C4802882846FFF7B2
:104A4000BDFF0646A01E2E54310A601E295400BF29
:104A5000F0E770B504460D4600260CB1022D01D8D2
:104A6000FF2070BDFF2229462046FFF76FFFF8E7C1
:104A70002DE9FC5F05460F46092F01D8BDE8FC9FD4
:104A80000024A04609E115F80490601C295CA01CD4
:104A9000285C41EA0026601D295CA01D285C41EAD3
:104AA000002A281900F1070B2819016800910079E4
:104AB0008DF8040006F109001FFA80F8B9F1A50F7E
:104AC00071D105216846FFF750FF00286BD02819E7
:104AD0004146FFF78AFF0028F8D0BAF5017F63D07E
:104AE00010DCBAF5817F2CD006DCBAF1010F1BD0A7
:104AF000BAF1030F79D11DE0AAF2012040B30128D9
:104B0000F8D149E0BAF5027F70D006DCAAF206209F
:104B1000002852D00128EDD169E0AAF20130002826
:104B20007ED00228E6D1ACE03246594660480BF010
:104B300013F9AEE0324659465D480C300BF00CF9E3
:104B4000A7E0324659465A4830300BF005F9A0E04C
:104B500032465946564837300BF0FEF8544890F824
:104B60003700012809DB524890F83700072804DC99
:104B700002204F4981F8BB000DE04D4890F8370006
:104B80000B2808DB4A4890F83700112803DC012085
:104B9000474981F8BB007CE03246594644484430DE
:104BA0000BF0DAF875E075E0052E05D1324659466E
:104BB0003F4864300BF0D0F86BE0324659463C4831
:104BC0006C300BF0C9F83A4890F86C00000958B9FD
:104BD000374890F86C0000F00F0028B13548C07BD2
:104BE00010B102203349C87353E051E021E0072E91
:104BF0001ED1324659462E486D300BF0ADF82C4888
:104C0000006F00EE100AF3EE040AB4EEE00AF1EED3
:104C100010FA06D2B3EE0C0A2748FEF7A7FD07E00C
:104C200028E02348006F00EE100A2348FEF79EFD9F
:104C30002FE0324659461E4874300BF08DF81F485D
:104C400000881F4908801A48006F00EE100ABCEE69
:104C5000C00A10EE100A1949088008460088184951
:104C60000988884200D114E016480088401C154984
:104C700008800EE0324659460D487A300BF06CF849
:104C800007E0324659460A48A2300BF065F800E0CA
:104C900000BF00BF04EB080084B2A7423FF7F3AEA9
:104CA00000BFEBE6173C0108183D0108B4030020E3
:104CB000C4520020D430002050030020AE03002056
:104CC000AC030020B003002010B503463BB10878C8
:104CD00038B9012008701078401C107001E00020E5
:104CE0000870107800EBD0746410A0EB44040CB989
:104CF000002010BD0120FCE7CB8A03400BB101234B
:104D000000E000231370704710B5044604F1290237
:104D100021460120FFF7F0FF04F12A02214604207A
:104D2000FFF7EAFF04F12B0221460220FFF7E4FF20
:104D300004F12C0221460820FFF7DEFF04F12D02CA
:104D400021461020FFF7D8FF04F12F022146202032
:104D5000FFF7D2FF04F1300221464020FFF7CCFFDD
:104D600004F1310221468020FFF7C6FF04F1320230
:104D700021464FF48070FFF7BFFF04F13302214654
:104D80004FF40070FFF7B8FF04F1340221464FF4EE
:104D90008060FFF7B1FF04F1350221464FF4006057
:104DA000FFF7AAFF04F12E0221464FF48050FFF7CF
:104DB000A3FF04F1360221464FF40050FFF79CFF99
:104DC00004F1370221464FF48040FFF795FF04F1CC
:104DD000380221464FF40040FFF78EFF94F8290077
:104DE000974A9849FFF770FF392108552A21085D35
:104DF000954A9649FFF768FF3A2108552B21085D2F
:104E0000934A9449FFF760FF3B2108552C21085D28
:104E1000914A9249FFF758FF3C2108552D21085D22
:104E20008F4A9049FFF750FF3D2108552F21085D1B
:104E30008D4A8E49FFF748FF3F2108553021085D14
:104E40008B4A8C49FFF740FF402108553121085D0E
:104E5000894A8A49FFF738FF412108553221085D08
:104E6000874A8849FFF730FF422108553321085D02
:104E7000854A8649FFF728FF432108553421085DFC
:104E8000834A8449FFF720FF442108553521085DF6
:104E9000814A8249FFF718FF452108552E21085DF8
:104EA0007F4A8049FFF710FF3E2108553621085DF3
:104EB0007D4A7E49FFF708FF462108553721085DE6
:104EC0007B4A7C49FFF700FF472108553821085DE0
:104ED000794A7A49FFF7F8FE4821085510BD817AD2
:104EE000C176017FC27E891A4177C27E0277417FF7
:104EF00001290ED1016A491C0162016A01EBD172DC
:104F00005210A1EB420212B90022827701E0012285
:104F10008277417F02290ED1416A491C4162416A70
:104F200001EBD1725210A1EB420212B90022C277FA
:104F300001E00122C277B0F90810A1F580610529CE
:104F400003DA002228210A5402E0012228210A540F
:104F50007047C17A012901D1817608E0C17A03291D
:104F600001D1817603E0C17A022900D181767047B0
:104F700030B504460D46122D00D030BD04B9FCE713
:104F80002078617840EA0120C0F30A004C4908808B
:104F90006078C010A17840EA4110C0F30A00484987
:104FA0004880A0788011E17840EA8100217940EAC8
:104FB0008120C0F30A00424988802079401061793D
:104FC00040EAC110C0F30A003D49C880207C617CE2
:104FD00040EA0120C0F30A003949088160790011D4
:104FE000800888726079C0F30110C872A079E179F5
:104FF00040EA012000B232498881207A617A40EA91
:10500000012001B22E48C181A07AE17A40EA012054
:1050100001B22B480182217B0175617B4175A07B28
:10502000E17B40EA01202649C8820846FFF791FF4C
:105030002348FFF754FF2248FFF766FE00BF9CE7B6
:10504000B7030020B6030020B9030020B8030020F6
:10505000BB030020BA030020BD030020BC030020D6
:10506000BF030020BE030020C1030020C0030020B6
:10507000C3030020C2030020C5030020C403002096
:10508000C7030020C6030020C9030020C803002076
:10509000CB030020CA030020CD030020CC03002056
:1050A000CF030020CE030020D1030020D003002036
:1050B000D3030020D2030020D5030020D403002016
:1050C000805300202DE9F05F2DED028B04460D4644
:1050D00016461F46B0EE408AF0EE608ADDE90EAB60
:1050E000DDE90C891848047045708670C770024667
:1050F00018EE100A18EE901A506191611046A0F84F
:105100000880A0F80A90A0F80CA0A0F80EB01146F4
:105110001098088211984882129808711398487163
:105120000A4890F8380088710948C07BC87109485E
:105130001C22D0F8DC359847BDEC028BBDE8F09F0F
:105140000A68026070470000C9530020C452002062
:10515000D4300020F80B002010B5CEB0FE4890F8F7
:105160003700FE4908700846007867281BD006DC27
:10517000032809D004280CD0052823D10EE0682884
:1051800016D069281ED118E040F20310F4490880B7
:1051900018E04FF48270F249088013E040F20510E5
:1051A000EF4908800EE040F26710ED49088009E001
:1051B0004FF4B470EA49088004E040F26910E8490D
:1051C000088000BF00BFE54840780A287ED2DFE8AB
:1051D00000F07D0539536D89A3D7FEFD0F22E1490B
:1051E0002FA80AF0B9FD0F22DF492BA80AF0B4FD61
:1051F0000F22DE4927A80AF0AFFD0F22DC4923A8C1
:105200000AF0EFFD0F22DB491FA80AF0A5FD0F22CF
:10521000D9491BA80AF0A0FD0F22D84917A80AF007
:10522000E0FD5922D64968460AF096FDCB4869222E
:10523000D3491039846833A80AF08EFD33A80FC80B
:10524000A0473DE10720CF490F22CDE90C10CE4900
:1052500008A80AF081FD1D22CC4968460AF07CFDB1
:10526000BE482D22C9491039446842A80AF074FD8D
:1052700042A80FC8A04723E10920C5490F22CDE964
:105280000C10C44908A80AF0ACFD1D22C2496846AA
:105290000AF062FDB1482D22BF491039446842A886
:1052A0000AF05AFD42A80FC8A04709E10720BB49F0
:1052B0000F22CDE90C10BA4908A80AF04DFD1D22B5
:1052C000B84968460AF048FDA44800E0F7E02D22FE
:1052D000B4491039446842A80AF03EFD42A80FC8FC
:1052E000A047EDE00520B0490F22CDE90C10AF49F1
:1052F00008A80AF031FD1D22AD4968460AF02CFDD0
:1053000096482D22AA491039446842A80AF024FD83
:1053100042A80FC8A047D3E00F22A6492FA80AF041
:105320001BFD0F22A4492BA80AF05BFD0F22A34905
:1053300027A80AF011FD0F22A14923A80AF00CFDAD
:105340000F22A0491FA80AF007FD0F229E491BA8A3
:105350000AF047FD0F229D4917A80AF0FDFC5922CB
:105360009B4968460AF0F8FC7C4869229849103944
:10537000846833A80AF0F0FC33A80FC8A0479FE068
:105380000F2294492FA80AF0E7FC0F2292492BA87C
:105390000AF027FD0F22914927A80AF0DDFC0F2211
:1053A0008F4923A80AF0D8FC0F228E491FA80AF0C3
:1053B000D3FC0F228C491BA80AF013FD0F228B4946
:1053C00017A80AF0C9FC5922894901E043E00EE020
:1053D00068460AF0C1FC6148692285491039846831
:1053E00033A80AF0B9FC33A80FC8A04768E00F2221
:1053F0005C492FA80AF0B0FC0F225B492BA80AF0E9
:10540000ABFC0F22594927A80AF0A6FC0F225849E5
:1054100023A80AF0E6FC0F2256491FA80AF09CFCBC
:105420000F2255491BA80AF097FC0F22534917A8D1
:105430000AF0D7FC5922524968460AF08DFC4748C9
:1054400069224F491039C46833A80AF085FC33A893
:105450000FC8A04734E00F225E492FA80AF07CFC59
:105460000F225D492BA80AF0BCFC0F225B4927A83C
:105470000AF072FC0F225A4923A80AF06DFC0F2291
:1054800058491FA80AF068FC0F2257491BA80AF0C8
:10549000A8FC0F22554917A80AF05EFC592254496E
:1054A00068460AF059FC2D486922514910390469AF
:1054B00033A80AF051FC33A80FC8A04700E000BF92
:1054C00000BF26484088B0F5B47F05DA23484088FD
:1054D00028302249488005E020484088A0F5B47073
:1054E0001E4948801D484078401C1C4948700846A9
:1054F0004078092801DD082048704EB010BD70B515
:105500002DED0E8B82B006460D46B0EE408A9FED23
:10551000390A28EE000A10EE104A20460EF0E0F993
:1055200041EC1E0BB0EE4E0AF0EE6E0A0CF0B0FD30
:10553000B0EE40CAF0EE60CA28460DF0CCFD41EC5A
:105540001D0B53EC1C2B0DF02DFE41EC1A0B2046CD
:105550000EF0C6F950E00000C4520020E003002025
:10556000DC030020990400208A040020C6040020E7
:105570006C0400205D04002003040020F4030020DC
:1055800003550020C60500204E040020F2560020DE
:10559000AF050020300400206B560020A705002036
:1055A000120400203E560020B805002021040020EF
:1055B000985600203E05002098050020890500200F
:1055C0007A0500206B0500205C0500204D050020B9
:1055D000D55500202F0500202005002011050020B2
:1055E00002050020F3040020E4040020D50400207C
:1055F0006C55002035FA8E3C41EC1E0BB0EE4E0A85
:10560000F0EE6E0A0BF02CFEB0EE40CAF0EE60CA6F
:1056100030460DF060FD41EC1D0B53EC1C2B0DF0E2
:10562000C1FD41EC1B0B53EC1A2B0EF06FF841EC53
:10563000190B0DF021FD00B2ADF8040020460EF06C
:105640004FF941EC1E0BB0EE4E0AF0EE6E0A0BF075
:1056500007FEB0EE40CAF0EE60CA28460DF03BFDF2
:1056600041EC1D0B53EC1C2B0DF09CFD41EC1B0B76
:1056700020460EF035F941EC1E0BB0EE4E0AF0EE6E
:105680006E0A0CF005FDB0EE40CAF0EE60CA30467E
:105690000DF021FD41EC1D0B53EC1C2B0DF082FD98
:1056A00041EC190B53EC1B2B0DF096FA41EC1A0B45
:1056B0000DF0E2FC00B2ADF80600019802B0BDECBE
:1056C0000E8B70BD2DE9FF47884616461F460C9C81
:1056D00006F109001FFA80F925462F70A5F8016030
:1056E0000020E87005212046FFF756F9BDF80000BC
:1056F000A4F8050032464146E01D0AF02DFB49465C
:105700002046FFF790F9204604B0BDE8F0872DE968
:10571000F8430746884615461C46089E05F10900D1
:105720001FFA80F923462A46414638460096FFF77D
:10573000C9FFA02C07D0A52C05D1FD484A4631460B
:10574000D0F8DC359847BDE8F8830FB430B59FB08A
:10575000DDE932454FF48870ADF80400F54890F863
:105760003700ADF80600F4480088ADF80800F348AB
:1057700001990160BDF8081081800F222EA922A88E
:105780000AF02FFB2A4621460DF197000AF0E4FAB1
:105790002D2222A9E948801D0AF0DEFAE7482F30C1
:1057A00001994160BDF808100181E548A52339221F
:1057B000E249009040F20130FFF7A9FF1FB030BC72
:1057C0005DF814FB0FB400B59FB04FF48270ADF8D4
:1057D0000400D84890F83700ADF80600D648008895
:1057E000ADF808000F223BA920A80AF0FAFA0F2210
:1057F0003FA90DF18F000AF0AFFA0F2243A90DF176
:105800009E000AF0A9FA0F2247A90DF1AD000AF097
:10581000A3FA0F224BA92FA80AF0E3FA0F224FA9EF
:105820000DF1CB000AF098FA0F2253A90DF1DA001E
:105830000AF092FAC14801990160BDF80810818010
:10584000692220A9801D0AF087FABD48A5236F228E
:10585000BA49009040F20130FFF759FF1FB05DF8E0
:1058600014FB0FB42DED020B00B52DED048B9FB092
:10587000B0EE408AF0EE608A4FF48870ADF8040014
:10588000AC4890F83700ADF80600AB480088ADF89A
:105890000800AA4801990160BDF8081081800F2214
:1058A00032A926A80AF09DFA0F2242A926A80AF0DA
:1058B00098FA9DF89B0020F00700801C8DF89B0053
:1058C00018EE100A0EF00CF841EC190B53EC192BE2
:1058D0009CA10DF1A7000AF0F7F92D2226A99748FF
:1058E000801D0AF039FA9DF8DB0020F00700801CCB
:1058F0008DF8DB0018EE900A0DF0F2FF41EC190B69
:1059000053EC192B8FA10DF1E7000AF0DDF92D22E0
:1059100036A98A4833300AF01FFA8948A523602245
:105920008649009040F20130FFF7F1FE1FB0BDEC58
:10593000048B5DF81CFB0FB410B5A0B04FF482705F
:10594000ADF808007B4890F83700ADF80A007A48B7
:105950000088ADF80C000F223DA922A80AF041FAF8
:105960000F2241A90DF197000AF0F6F90F2245A97F
:105970000DF1A6000AF0F0F90F2249A90DF1B500CA
:105980000AF0EAF90F224DA931A80AF02AFA0F22EB
:1059900051A90DF1D3000AF0DFF90F2255A90DF13D
:1059A000E2000AF0D9F99DF88B0020F00700801C76
:1059B0008DF88B0022A8807C20F00700801C22A993
:1059C00088749DF8A90020F00700801C8DF8A900BC
:1059D0009DF8B80020F00700801C8DF8B8009DF8F5
:1059E000C70020F00700801C8DF8C7009DF8D60086
:1059F00020F00700801C8DF8D6009DF8E50020F00F
:105A00000700801C8DF8E5004F48006800EE100A82
:105A1000DFED4E0A20EE200AF3EE0C0A80EE201A8B
:105A2000BCEEC10A10EE100ABDF88D1060F3CF1164
:105A3000ADF88D104448006800EE100AB5EEC00ABB
:105A4000F1EE10FA0ED89DF88C0020F03C00001DFD
:105A50008DF88C004FF4B471BDF88D0061F3CF1058
:105A6000ADF88D003848006800EE100AF1EE040A27
:105A7000B4EEE00AF1EE10FA07DD9DF88C0020F09C
:105A80003C00001D8DF88C0010E02F48006800EEEF
:105A9000100AF1EE040AB4EEE00AF1EE10FA05D2B3
:105AA0009DF88C0020F03C008DF88C00284890F880
:105AB0003C00012806D122A8C07C20F03C0122A88D
:105AC000C17406E022A8C07C20F03C00001D22A981
:105AD000C8742048007E022807D19DF8AA0020F053
:105AE0003C000C308DF8AA0006E09DF8AA0020F0DA
:105AF0003C0010308DF8AA001748007B072807D11A
:105B00009DF8B90020F03C000C308DF8B90006E09B
:105B10009DF8B90020F03C0010308DF8B9000A481B
:105B2000006800EE100ADFED0D0A20EE200A17E0F3
:105B3000981D0020C4520020DC030020E553002003
:105B40005D54002025660000D603002066E6B343BE
:105B5000F002002044340020D430002000007A44B9
:105B6000DFEDFE0A20EE200AF3EE0C0A80EE201A8A
:105B7000BCEEC10A10EE104ABDF8CF0064F3090074
:105B800022A9ADF8CF00A10ABDF8D00061F38C00C6
:105B9000ADF8D000610DBDF8D10061F34F1022A91E
:105BA000ADF8D100EE4890F83C00012807D19DF8EF
:105BB000D70020F03C000C308DF8D70006E09DF8AF
:105BC000D70020F03C0010308DF8D700E44890F862
:105BD0003C00012806D19DF8E60020F03C018DF83C
:105BE000E61006E09DF8E60020F03C00001D8DF870
:105BF000E600DC4802990160BDF80C108180692242
:105C000022A9801D0AF0A8F8D748A5236F22D549FC
:105C1000009040F20130FFF77AFD20B010BC5DF833
:105C200014FB0FB410B52DED068BA0B04FF48270AD
:105C3000ADF80800CD4890F83700ADF80A00CC4820
:105C40000088ADF80C000F2243A928A80AF0C9F873
:105C50000F2247A90DF1AF000AF07EF80F224BA9E1
:105C60000DF1BE000AF078F80F224FA90DF1CD001A
:105C70000AF072F80F2253A937A80AF0B2F80F22DF
:105C800057A90DF1EB000AF067F80F225BA90DF19F
:105C9000FA000AF061F89DF8A30020F00700801CCC
:105CA0008DF8A30028A8807C20F00700801C28A97C
:105CB00088749DF8C10020F00700801C8DF8C10099
:105CC0009DF8D00020F00700801C8DF8D0009DF8D2
:105CD000DF0020F00700801C8DF8DF009DF8EE004B
:105CE00020F00700801C8DF8EE009DF8FD0020F0EC
:105CF0000700801C8DF8FD009E48008800EE100A09
:105D0000B8EE400A5FED6B0A20EE200ABCEEC00A36
:105D100010EE104ABDF8AB0064F30900ADF8AB001B
:105D2000A10ABDF8AC0061F38C00ADF8AC00610DC8
:105D3000BDF8AD0061F34F10ADF8AD00884890EDAF
:105D4000100A5FED7E0A20EE200ADFED8B0A80EE5E
:105D5000201ABCEEC10A10EE100ABDF8B41060F3B0
:105D6000CF1128A8ADF8B4107D4890ED100AF0EEE0
:105D7000000AB4EEE00AF1EE10FA07DD28A8C07CB4
:105D800020F03C00183028A9C8740FE0744890ED4A
:105D9000100AF0EE000AB4EEE00AF1EE10FA05D8AF
:105DA00028A8C07C20F03C0128A8C174734890ED5D
:105DB000000ADFED730A30EE200ABCEEC00A10EED6
:105DC000100A28A9498C60F38E1128A841846B48D9
:105DD00090ED000ADFED6B0A30EE200ABCEEC00A3F
:105DE00010EE100ABDF8C31060F3CF1128A8ADF86B
:105DF000C310654890ED121BB0EE410AF0EE610A47
:105E00009FED621B53EC112B51EC100B0DF0CAF9F6
:105E100041EC1A0B9FED5F1BB0EE4A0AF0EE6A0AE6
:105E20000BF08CFAB0EE409AF0EE609A51EC190B40
:105E30000CF0A0FE08EE100AB5EEC08AF1EE10FAE2
:105E400005D29FED560A38EE000AB0EE408A9FED6B
:105E5000540AB4EEC08AF1EE10FA04DB9FED4F0A4B
:105E600078EE408A01E0F0EE488AB2EE0E0A38EE93
:105E7000000ABCEEC00A10EE100ABDF8D11060F3A3
:105E80008E1128A8ADF8D1109FED460A38EE000A11
:105E9000DFED420AB4EEE00AF1EE10FA05DD9FED07
:105EA0003F0A38EE400AB0EE408A9FED3E0A38EED7
:105EB000000ABCEEC00A10EE100ABDF8D21060F362
:105EC000CF1128A8ADF8D210374800780C281BD184
:105ED000BDF8E3006FF309000A3028A9ADF8E3002C
:105EE00032484188BDF8E00061F38E10ADF8E00063
:105EF0002E484088A0F13201BDF8E10061F3CF10D7
:105F000028A9ADF8E10017E0BDF8E3006FF3090040
:105F1000401D28A9ADF8E3000021BDF8E00061F3C1
:105F20008E10ADF8E0004FF4B471BDF8E10061F3FC
:105F3000CF1028A9ADF8E1001B4800780B2847D105
:105F4000BDF8F2006FF309000A3028A9ADF8F2009D
:105F500016484188BDF8EF002AE000000000C84262
:105F6000F0020020E55300205D540020C4520020C0
:105F7000DC030020B00300200000484290480020CD
:105F80000000AE420000BA42504D00200000000068
:105F90000000F0BF00000000008076400000B44325
:105FA000000034430080AC4380290020E00300203F
:105FB00061F38E1028A9ADF8EF003B4840883238D5
:105FC000BDF8F01060F3CF1128A8ADF8F01018E07C
:105FD000BDF8F2006FF30900401D28A9ADF8F200EA
:105FE0000021BDF8EF0061F38E1028A9ADF8EF0095
:105FF0004FF4B471BDF8F00061F3CF1028A9ADF8EB
:10600000F0002A4890F8320001281BD1BDF80101A8
:106010006FF309000A3028A9ADF801012248418830
:10602000BDF8FE0061F38E10ADF8FE001E484088FA
:10603000A0F13201BDF8FF0061F3CF1028A9ADF83F
:10604000FF0017E0BDF801016FF30900401D28A90A
:10605000ADF801010021BDF8FE0061F38E10ADF82E
:10606000FE004FF4B471BDF8FF0061F3CF1028A912
:10607000ADF8FF000E4802990160BDF80C10818058
:10608000692228A9801D09F067FE0A48A5236F220E
:106090000749009040F20130FFF739FB20B0BDEC1A
:1060A000068B10BC5DF814FBE00300208029002063
:1060B000E55300205D54002070B52DED048B86B0B3
:1060C00006460D46144616223146684609F044FE3F
:1060D0009DF80000BE2803D006B0BDEC048B70BD57
:1060E000691E3046FEF781FC8C490880691E3046E7
:1060F000FEF77BFC00B9EFE716223146884809F02D
:106100002BFE8748D0F8050009EE900A8448D0F8A5
:10611000010008EE100A8248D0F8010000EE100AD3
:10612000B4EE480AF1EE10FA5FD17D48D0F80500D0
:1061300000EE100AB4EE690AF1EE10FA55D1B5EE90
:10614000C08AF1EE10FA31D0B5EEC08AF1EE10FA45
:106150002CD094ED000A84ED020A94ED010A84ED3E
:10616000030A6F48D0F8050020606D48D0F80100A0
:1061700060600120E0746A48407CA0740020A08226
:1061800094ED060A84ED0A0A94ED070A84ED0B0AE1
:106190006348D0F80500A0616148D0F80100E061D3
:1061A000012184F83810002161871EE0A08AC828E8
:1061B00003DAA08A401CA08215E00020E074594850
:1061C00090ED010A84ED000A90ED000A84ED010AC9
:1061D000002184F8381090ED010A84ED060A90ED54
:1061E000000A84ED070A0020A0744D48D0F8090089
:1061F00008EE900A4A48D0F80D0009EE100A484807
:10620000D0F8090000EE100AB4EE680AF1EE10FAB8
:1062100025D14348D0F80D0000EE100AB4EE490A2B
:10622000F1EE10FA1BD1F5EEC08AF1EE10FA13D0A0
:10623000B5EEC09AF1EE10FA0ED0002184F83E10AF
:10624000012184F83F103648D0F809002062344814
:10625000D0F80D00606202E0012184F83E1000BF1A
:106260003AE770B52DED068BF0EE409AB0EE608AFD
:10627000F0EE418A0546B0EE619A0E46144619EEDC
:10628000900A0DF02DFB41EC1A0B274890ED001AF7
:10629000B0EE4A0AF0EE6A0AFAF7A7F9224880ED52
:1062A000000A18EE100A2149086018EE900A88606A
:1062B0001D4800684860642D02DD0120087402E07A
:1062C00000201A4908741A4800780B2803D10220CC
:1062D000164948740AE0164800780C2803D10120BA
:1062E0001249487402E000201049487419EE100A5F
:1062F0000E49C860BE2020701222601C09F02CFDDF
:1063000015212046FEF78FFB0A4815222146D0F8BA
:10631000DC359847BDEC068B70BD0000D005002031
:10632000AC57002090480020D4050020C257002020
:1063300080290020B8170020F0B58BB004460D4628
:1063400016461F460121084602F0A4FB012148061B
:1063500002F0E9FB09220B21964802F088F9092294
:106360000C21944802F083F94FF4C05009900220A8
:106370008DF8280009A98F4802F0EEF814208DF856
:10638000040003208DF8050001208DF806008DF82B
:10639000070001A801F023F9874801F08BF906A84E
:1063A00001F0ACFA00208DF81E0001208DF81F00CE
:1063B00000208DF820008DF821008DF822008DF846
:1063C00023008DF81A708DF81B008DF81C508DF885
:1063D0001D40ADF8186006A9774801F084F9002047
:1063E0008DF812008DF8130001208DF814000020A4
:1063F000ADF80800ADF80A00ADF80C00ADF80E00DD
:10640000ADF8100001208DF8150002A801F0F5F993
:1064100001220221684801F0EFFC0BB0F0BD10B57D
:106420000121654801F050FD18B10121624801F0D9
:10643000E6FD10BD00B585B002215F4801F044FDC6
:1064400088B104215C4801F0DAFD5C495A4801F04A
:1064500018FD6A460021584801F0B3FB00BF6846AA
:10646000FDF716FF00BF05B000BDF0B58BB00446C8
:106470000D4616461F460121022002F00BFB0121AA
:10648000880602F050FB09220C214D4802F0EFF87B
:1064900009220D214A4802F0EAF84FF440500290D8
:1064A00002208DF80C0002A9454802F055F8402062
:1064B0008DF8040003208DF805008DF806000120FA
:1064C0008DF8070001A801F08AF83F208DF804003C
:1064D00003208DF805008DF8060001208DF80700D7
:1064E00001A801F07CF8374801F0E4F808A801F0B1
:1064F00005FA00208DF8260001208DF827000020E5
:106500008DF828008DF829008DF82A008DF82B00D1
:106510008DF822008DF823008DF824508DF8254049
:10652000ADF8206008A9274801F0DDF80E208DF8AD
:106530001A0000208DF81B0001208DF81C0000209F
:10654000ADF81000ADF81200ADF81400ADF816006B
:10655000ADF8180001208DF81D0004A801F04DF9D8
:1065600001220221174801F047FC0BB0F0BD10B525
:106570000121144801F0A8FC18B10121114801F0D3
:106580003EFD10BD00B585B002210E4801F09CFC17
:1065900068B102210B4801F032FD6A46002109482A
:1065A00001F00FFB00BF6846FDF797FE00BF05B086
:1065B00000BD0000000002400064004008000032FE
:1065C00000040240006800401FB50121042002F0D1
:1065D00061FA0620029001208DF80C0000208DF851
:1065E0000E0003208DF80D0001208DF80F0002A988
:1065F0001F4801F0B1FF06211D4802F029F80121D2
:10660000084602F047FA4FF48070009001208DF8A0
:10661000040000208DF8060003208DF8050069466F
:10662000144801F099FF4FF48071124802F012F8FB
:1066300002210F4802F00EF804210D4802F00AF87A
:106640001FBD1CB50121042002F024FA0120009096
:106650008DF8040000208DF8060003208DF8050059
:1066600001208DF807006946014801F075FF1CBD47
:1066700000080240000002401FB50121102002F076
:1066800052FA36208DF8000003208DF80100022018
:106690008DF8020001208DF80300684600F09FFF8E
:1066A0005320ADF804000020ADF80600ADF80C0052
:1066B00040F2E730029001A9114802F0ECFB012101
:1066C0000F4802F071FC012211460D4803F084F8D6
:1066D00001210B4803F094F81FBD10B501210848B3
:1066E00003F091F858B10121054803F09DF801210C
:1066F000034803F085F800BFF9F7C8FF00BF10BDDD
:1067000000100040A549096841F08071A34A11605A
:106710000021A34A51601146096841F0010111604E
:10672000A0494143A04A1160114609684FF47A72AA
:10673000B1FBF2F19D4A11609B490968994AB1FB8E
:10674000F2F19B4A116000219A4A1160704708B526
:10675000934840680090984900980968884204D29C
:1067600094480068401C9349086093490098086069
:1067700008BD10B52DED028B82B0044688484068F4
:10678000019020680199081A00EE100AF8EE400AFC
:10679000854890ED000AB8EE400A80EE801AB0EE0F
:1067A000418A01982060FFF7D2FFB0EE480A02B09C
:1067B000BDEC028B10BD10B52DED068B82B00446EA
:1067C000774840680190784800680CF09BFC41ECE9
:1067D000190B2168019A501A0CF094FC41EC1A0B29
:1067E00053EC192B0CF0B4FA41EC180B0198206013
:1067F000FFF7ADFFB0EE480AF0EE680A02B0BDEC5C
:10680000068B10BD38B5664840680090FFF79FFFC3
:10681000684800684FF0FF31A0FB0131009818185C
:1068200041F10001654A03C25F48002363490268E1
:1068300003C909F0BFF9624A03C261480CC85A484B
:1068400000680024A2FB001503FB005002FB0402B9
:106850005A48D0E90030591A60EB0200594AC2E99F
:1068600000105748006858490860504800235549AF
:10687000026803C909F09EF9534988800846808858
:106880004A49096841434F48D0E90030591A60F13C
:1068900000004E4AC2E90010454800234B490268F7
:1068A00003C909F087F94849C88038BD10B52DEDF6
:1068B000028BFFF7A7FF444890ED000AB8EE400AAC
:1068C000808800EE900AF8EE600A9FED411A00EE13
:1068D000810A3D48C08800EE900AF8EE600A9FEDFC
:1068E0003D1A00EE810AB0EE408AB0EE480ABDECD7
:1068F000028B10BD10B52DED028BFFF783FF3248E0
:1069000080883149096801EB4102C2EBC11100EBFB
:10691000C10000EE100AB8EE400A2B48C08800EE15
:10692000900AF8EE600A9FED2A1A00EE810AB0EE96
:10693000408AB0EE480ABDEC028B10BD70B5FFF77F
:1069400061FF21480068174948431F49898801EBC6
:106950004102C2EBC11100EBC1001B49C9884418B8
:1069600000252046294670BD0D494868F0EE400AD2
:1069700000BF0B494968091A01EE101AF8EE411AD6
:10698000094991ED001AB8EE411A20EE811AF4EE91
:10699000C11AF1EE10FAECD370470000FCED00E0F4
:1069A000001000E040420F00E0050020E405002058
:1069B000E8050020EC050020F0050020F805002087
:1069C0000006002008060020D80500201006002040
:1069D0006F12833ABD3786352DE9F04104460E46E5
:1069E00015461F46DDF818800121606902F052F853
:1069F0000121A06902F04EF8A06B102802D0A06B14
:106A0000202804D10121A06B02F09EF803E00121AF
:106A1000A06B02F088F80121206C02F03BF8211DE8
:106A2000E06901F099FD04F10C01206A01F094FD88
:106A30001C34A27A217A206801F019FEA27A617AC8
:106A4000606801F014FEE660206A1C3C04F1280135
:106A500003F02DF80121E06B03F0B1F8B8F1010F5C
:106A600034D101224021E06B03F056F9012D05D10C
:106A700004F59E70E0646902616504E004F1D800E9
:106A8000E0646421616504F14401D4F8840001F0FC
:106A9000ABFB0121D4F8840001F0E0FB012D0BD108
:106AA000002204F54F71D4F8840001F0FEFB0121AF
:106AB000D4F8840001F005FC04F1800000F08FFDA3
:106AC000012240F22441E06B03F02FF9012F30D175
:106AD00001228021E06B03F01FF90021D4F8C800E7
:106AE00001F0BCFBD4F8C80001F0DCFA00BFD4F818
:106AF000C80001F000FC0028F9D104F23C509021BC
:106B0000085196219820015104F18801D4F8C80059
:106B100001F06AFB0121D4F8C80001F09FFB04F1E9
:106B2000C40000F05CFD01221021D4F8C80001F07F
:106B300022FC2570BDE8F08170B504460D4629465B
:106B4000204601F0ACFB0121204601F087FB70BD1F
:106B500070B504460D46002604F23C5606F8015B6B
:106B60000121D4F8C800FFF7E7FF70BD2DE9F0411F
:106B700004460E4615464FF00008002704F23C5725
:106B80002A463146384609F0E7F82946D4F8C800C5
:106B9000FFF7D2FFBDE8F08110B5FD49C86B40F2A8
:106BA000244103F0FDF800284AD0F948C06B008862
:106BB000F748C06B8088F648007801287DD1F449F9
:106BC000D1F8840001F08DFBD8BBF149D1F88400E5
:106BD000002101F043FBEE4AD2F8CC20EC4BD3F875
:106BE000D03042EA0301EA4AD2F8840001F0AFFB58
:106BF000E749D1F8840001F054FBC0F50070E54985
:106C00000860E349D1F884004FF4007101F047FBBC
:106C1000DF494FF40022D1F8840001F54F7101F0F3
:106C20005BFBDB49D1F88400012101F017FB00BFB9
:106C3000D848008881B2D848FEF79AF9FBF72CFAB9
:106C40006DE0FFE7D249D1F88400002101F006FB96
:106C5000CF4AD2F8CC20CE4BD3F8D03042EA030151
:106C6000CB4AD2F8840001F072FBC949D1F8840004
:106C700001F017FBC0F50070C6490860C449D1F89F
:106C800084004FF4007101F00AFBC1490022D1F8E1
:106C90008400C14901F020FBBD49D1F884000121E5
:106CA00001F0DCFA00BFBB48008881B2BB48FEF7A8
:106CB0005FF9FBF7F1F932E0FFE7B549D1F884005D
:106CC000002101F0CBFAB24AD2F8CC20B04BD3F875
:106CD000D03042EA0301AE4AD2F8840001F037FB1B
:106CE000AB49D1F8840001F0DCFAC0F16400A94995
:106CF0000860A749D1F88400642101F0D0FAA449C2
:106D0000D1F88400012101F0A9FA00BFA148008850
:106D100081B2A148FEF72CF9FBF7BEF900BF10BD08
:106D200010B59F49C86B40F2244103F039F80028A0
:106D300047D09B48C06B00889948C06B80889848B2
:106D40000078012873D19649D1F8840001F0C9FA7E
:106D5000C0BB9349D1F88400002101F07FFA904A2A
:106D6000D2F8CC208E4BD3F8D03042EA03018C4AC3
:106D7000D2F8840001F0EBFA8949D1F8840001F0DF
:106D800090FAC0F50070874908608549D1F8840001
:106D90004FF4007101F083FA81494FF40022D1F8D9
:106DA000840001F54F7101F097FA7D49D1F8840014
:106DB000012101F053FA00BF7949D8317A48FEF732
:106DC000BFF963E0FFE77649D1F88400002101F0C4
:106DD00045FA734AD2F8CC20714BD3F8D03042EA4E
:106DE00003016F4AD2F8840001F0B1FA6C49D1F87E
:106DF000840001F056FAC0F500706A4908606849DD
:106E0000D1F884004FF4007101F049FA644900227E
:106E1000D1F8840001F59E7101F05EFA6049D1F865
:106E20008400012101F01AFA00BF2FE0FFE75C495E
:106E3000D1F88400002101F011FA594AD2F8CC208F
:106E4000574BD3F8D03042EA0301554AD2F88400B8
:106E500001F07DFA5249D1F8840001F022FAC0F124
:106E60006400504908604E49D1F88400642101F063
:106E700016FA4B49D1F88400012101F0EFF900BF67
:106E80004749D8314848FEF75BF900BF10BD10B53F
:106E90004649C86B40F2244102F082FF002847D0E7
:106EA0004248C06B00884148C06B80883F480078EA
:106EB00001286CD13D49D1F8840001F012FAC0BB21
:106EC0003A49D1F88400002101F0C8F9374AD2F8D4
:106ED000CC20364BD3F8D03042EA0301334AD2F803
:106EE000840001F034FA3149D1F8840001F0D9F975
:106EF000C0F500702E4908602C49D1F884004FF489
:106F0000007101F0CCF929494FF40022D1F8840036
:106F100001F54F7101F0E0F92449D1F88400012115
:106F200001F09CF900BF23492048D830FDF71EFA34
:106F300078E0FFE71D49D1F88400002101F08EF9C7
:106F40001A4AD2F8CC20194BD3F8D03042EA0301C8
:106F5000164AD2F8840001F0FAF91449D1F88400F5
:106F600001F09FF9C0F50070114908600F49D1F890
:106F700084004FF4007101F092F90C490022D1F81D
:106F8000840001F59E7101F0A7F9084914E01AE0A8
:106F9000180600205829002054070020540900201A
:106FA000F80B00205C290020D6030020D811002017
:106FB0006029002090480020D1F88400012101F0D0
:106FC0004DF900BF2EE0FB49D1F88400002101F00B
:106FD00045F9F84AD2F8CC20F64BD3F8D03042EA43
:106FE0000301F44AD2F8840001F0B1F9F149D1F873
:106FF000840001F056F9C0F16400EF490860ED49E2
:10700000D1F88400642101F04AF9EA49D1F88400FA
:10701000012101F023F900BFE849E648D830FDF727
:10702000A5F900BF10BD10B5E549C86B40F2244179
:1070300002F0B6FE002849D0E148C06B0088E04865
:10704000C06B8088DE480078012875D1DC49D1F812
:10705000840001F046F9D0BBD949D1F88400002161
:1070600001F0FCF8D64AD2F8CC20D54BD3F8D0307A
:1070700042EA0301D24AD2F8840001F068F9D0490B
:10708000D1F8840001F00DF9C0F50070CD49086019
:10709000CB49D1F884004FF4007101F000F9C849E0
:1070A0004FF40022D1F8840001F54F7101F014F97A
:1070B000C349D1F88400012101F0D0F800BFC24AD1
:1070C000C0480168BE48D830FEF7F6FF65E0FFE72C
:1070D000BB49D1F88400002101F0C0F8B84AD2F8C9
:1070E000CC20B74BD3F8D03042EA0301B44AD2F8EF
:1070F000840001F02CF9B249D1F8840001F0D1F8F4
:10710000C0F50070AF490860AD49D1F884004FF474
:10711000007101F0C4F8AA490022D1F8840001F5F9
:107120009E7101F0D9F8A649D1F88400012101F03F
:1071300095F800BF31E0FFE7A149D1F884000021B4
:1071400001F08CF89E4AD2F8CC209D4BD3F8D03079
:1071500042EA03019A4AD2F8840001F0F8F898490B
:10716000D1F8840001F09DF8C0F1640095490860F1
:107170009349D1F88400642101F091F89049D1F845
:107180008400012101F06AF800BF8F4A8D48016830
:107190008B48D830FEF790FF00BF10BD10B58B496B
:1071A000C86B40F2244102F0FBFD002848D087481C
:1071B000C06B00888548C06B8088844800780128AF
:1071C00079D18249D1F8840001F08BF8C8BB7F499E
:1071D000D1F88400002101F041F87C4AD2F8CC209B
:1071E0007A4BD3F8D03042EA0301784AD2F88400CF
:1071F00001F0ADF87549D1F8840001F052F8C0F5FE
:107200000070734908607149D1F884004FF400712F
:1072100001F045F86D494FF40022D1F8840001F5E2
:107220004F7101F059F86949D1F88400012101F04A
:1072300015F800BF6648008881B26648FDF718FC63
:1072400069E0FFE76149D1F88400002101F006F808
:107250005E4AD2F8CC205D4BD3F8D03042EA03012D
:107260005A4AD2F8840001F072F85849D1F88400E3
:1072700001F017F8C0F50070554908605349D1F87E
:1072800084004FF4007101F00AF850490022D1F84F
:107290008400504901F020F84C49D1F884000121C4
:1072A00000F0DCFF00BF4A48008881B24A48FDF781
:1072B000DFFB30E0FFE74549D1F88400002100F012
:1072C000CDFF424AD2F8CC20404BD3F8D03042EA2E
:1072D00003013E4AD2F8840001F039F83B49D1F865
:1072E000840000F0DEFFC0F16400394908603749CE
:1072F000D1F88400642100F0D2FF3449D1F8840031
:10730000012100F0ABFF00BF3148008881B2314855
:10731000FDF7AEFB00BF10BD10B53049C86B40F2A1
:10732000244102F03DFD002842D02C48C06B00886B
:107330002A48C06B80882948007801287ED12749D7
:10734000D1F8840000F0CDFF98BB2449D1F8840027
:10735000002100F083FF214AD2F8CC201F4BD3F844
:10736000D03042EA03011D4AD2F8840000F0EFFF5A
:107370001A49D1F8840000F094FFC0F50070184954
:1073800008601649D1F884004FF4007100F087FFBF
:1073900012494FF40022D1F8840001F54F7100F03A
:1073A0009BFF0E49D1F88400012100F057FF00BF78
:1073B00077E017E0D81100206029002090480020D5
:1073C000B8170020642900206C570020981D002069
:1073D00068290020D41E0020D4200020782300201B
:1073E0006C2900207449D1F88400002100F036FF98
:1073F000714AD2F8CC20704BD3F8D03042EA030166
:107400006D4AD2F8840000F0A2FF6B49D1F88400E5
:1074100000F047FFC0F50070684908606649D1F880
:1074200084004FF4007100F03AFF63490022D1F864
:10743000840001F59E7100F04FFF00E007E05E4917
:10744000D1F88400012100F009FF00BF29E05A496A
:10745000D1F88400002100F001FF574AD2F8CC2077
:10746000554BD3F8D03042EA0301534AD2F8840096
:1074700000F06DFF5049D1F8840000F012FFC0F118
:1074800064004E4908604C49D1F88400642100F042
:1074900006FF4949D1F88400012100F0DFFE00BF5A
:1074A00000BF10BD10B5464AD2F8D410D2F8C800BB
:1074B00000F031FF60B14249D1F8C800002100F06E
:1074C000CDFE3F4AD2F8D410D2F8C80000F03FFFFA
:1074D00010BD10B53B4AD2F8D410D2F8C80000F065
:1074E0001AFF60B13749D1F8C800002100F0B6FE9C
:1074F000344AD2F8D410D2F8C80000F028FF10BDEA
:1075000010B5314AD2F8D410D2F8C80000F003FF09
:1075100060B12D49D1F8C800002100F09FFE2A4A31
:10752000D2F8D410D2F8C80000F011FF10BD10B589
:10753000264AD2F8D410D2F8C80000F0ECFE60B1B0
:107540002249D1F8C800002100F088FE1F4AD2F875
:10755000D410D2F8C80000F0FAFE10BD10B51C4AD5
:10756000D2F8D410D2F8C80000F0D5FE60B11849A6
:10757000D1F8C800002100F071FE154AD2F8D410ED
:10758000D2F8C80000F0E3FE10BD10B50A4AD2F8E8
:10759000D410D2F8C80000F0BEFE60B10649D1F8A0
:1075A000C800002100F05AFE034AD2F8D410D2F8E5
:1075B000C80000F0CCFE10BD782300206C2900200C
:1075C00018060020F80B0020D8110020B817002062
:1075D000981D002032490143324A1160704770B54E
:1075E000002100230F22C4781CB32E4C246804F41D
:1075F000E064C4F5E064C4F30721C1F10404E3B21C
:107600000A4144789C40E1B28478144021430C073D
:10761000210E254C05786155047804F01F050124DE
:10762000AC4005786D11AD0005F1E025C5F80041CD
:1076300009E0047804F01F050124AC401B4D0678D6
:10764000761145F8264070BD194A0A400243154B91
:107650001B1F1A60704739B1124A121D126802438B
:10766000104B1B1D1A6006E00E4A121D1268824361
:107670000C4B1B1D1A607047042808D14FF0E02105
:10768000096941F004014FF0E022116107E04FF079
:10769000E021096921F004014FF0E02211617047F7
:1076A0000000FA050CED00E000E400E080E100E0FD
:1076B00080FFFF1F10B50446FE48844209D1012116
:1076C000480601F085FA00214FF0007001F080FAC1
:1076D00008E00121880601F07BFA00214FF080606C
:1076E00001F076FA10BD30B5024600200023146880
:1076F00024F002041460146844F00104146000E0F3
:107700005B1C546804F001041CB94FF6FF74A342DB
:10771000F6D1546804F001040CB900206CE08C79B7
:10772000012C04D1146844F08004146003E0146850
:1077300024F080041460CC79012C04D1146844F046
:107740004004146003E0146824F0400414600C7AD0
:10775000012C04D1146844F02004146003E0146880
:1077600024F0200414604C7A012C04D1146844F0F5
:107770001004146003E0146824F0100414608C7A80
:10778000012C04D1146844F00804146003E0146868
:1077900024F008041460CC7A012C04D1146844F05D
:1077A0000404146003E0146824F0040414608C786A
:1077B000A407CD7844EA05640D7944EA05444D797F
:1077C00044EA05540D886D1E2C43D461146824F0DE
:1077D00001041460002300E05B1C546804F0010401
:1077E0001CB14FF6FF74A342F6D1546804F00104B3
:1077F0000CB1002000E0012030BD10B50021837ADB
:10780000012202FA03F1AC4A126842F00102AA4BCB
:107810001A60A94A1C3212688A43A74B1C331A60AB
:10782000027BCAB9A44A0C3212688A43A24B0C33B9
:107830001A604288C38842EA03439F4A4032847AEE
:1078400042F834300288838842EA03439A4A40323D
:10785000847A02EBC4025360027B012A19D1964A52
:107860000C3212680A43944B0C331A604288038826
:1078700042EA0343904A4032847A42F83430C28864
:10788000838842EA03438C4A4032847A02EBC40282
:107890005360C27A3AB9884A121D12688A43864BED
:1078A0001B1D1A6006E0844A121D12680A43824BAF
:1078B0001B1D1A60028932B97F4A143212688A434A
:1078C0007D4B14331A600289012A06D17A4A143298
:1078D00012680A43784B14331A60427B012A06D19E
:1078E000754A1C3212680A43734B1C331A60724A81
:1078F000126822F00102704B1A6010BD00218171E4
:10790000C171017241728172C1728170C1700321B3
:1079100001710221417101210180704766490968A6
:1079200041F00101644A11601146096843F60E7284
:107930009143614A11601146096841EA00211160D2
:107940001146096821F001011160704721B10268F8
:1079500042F48032026003E0026822F48032026066
:107960007047E1B1026842F0800202604FF4C272D7
:10797000125842F480734FF4C27213504FF4CA721B
:10798000125842F480734FF4CA7213504FF4D272FB
:10799000125842F480734FF4D27213501BE0026805
:1079A00022F0800202604FF4C272125822F48073F7
:1079B0004FF4C27213504FF4CA72125822F48073FB
:1079C0004FF4CA7213504FF4D272125822F48073DB
:1079D0004FF4D2721350704710B5024600209368DE
:1079E00003F08063B3F1806F00D110E0936803F07F
:1079F0000063B3F1006F01D1012008E0936803F048
:107A00008053B3F1805F01D1022000E004200428FC
:107A100079D002F5C07303EB00131B6803F0010477
:107A200002F5C07303EB00131C600B7A7BB94B7A31
:107A30000C8843EA445302F5C07404EB0014246834
:107A4000234302F5C07404EB0014236010E00B7AAA
:107A50004C6843EAC4034C7A234302F5C07404EB38
:107A600000142468234302F5C07404EB001423605F
:107A70008B7A03F00F038B7202F5C07303EB0013D4
:107A80005B6823F00F0402F5C07303EB00135C6026
:107A900002F5C07303EB00135B688C7A234302F595
:107AA000C07404EB001463608B7B1C064B7B44EAC0
:107AB000034403E000640040006600400B7B44EA9E
:107AC0000323CC7A234302F5C07404EB0014A360B3
:107AD0008B7C1C064B7C44EA03440B7C44EA032366
:107AE000CC7B234302F5C07404EB0014E36002F581
:107AF000C07303EB00131B6843F0010402F5C0736D
:107B000003EB00131C6010BD10B50246002321B129
:107B1000012907D002290FD109E09068F94C00EA49
:107B200004030BE09068F84C00EA040306E0906858
:107B3000F64C00EA040301E0002300BF00BFF44C50
:107B4000181BA34216D007DC83B16FF08060184485
:107B500070B1022818D111E0B0F5007F10D0ED4CC3
:107B6000204448B1B0F5003F0ED10BE002230DE0F8
:107B700000230BE0002309E0002307E0012305E0D8
:107B8000012303E0012301E0002300BF00BFD8B2BE
:107B900010BD21B1012907D002290FD109E0826867
:107BA00042F0800282600AE0826842F40042826011
:107BB00005E0826842F40002826000E000BF00BF7E
:107BC000704710B500F5D87303EB01131B6803F081
:107BD00004031372137A53B900F5D87303EB01133E
:107BE0001B6840F2FF7404EA5353136009E000F588
:107BF000D87303EB01131B686FF0604404EAD303EE
:107C0000536000F5D87303EB01131B6803F0020304
:107C1000537200F5D87303EB01135B6803F00F0395
:107C2000937200F5D87303EB01135B681B0AD374DE
:107C300000F5D87303EB01139B68D37200F5D8737A
:107C400003EB01139B681C0A147300F5D87303EB54
:107C500001139B681C0C547300F5D87303EB0113DC
:107C60009B681B0E937300F5D87303EB0113DB685D
:107C7000D37300F5D87303EB0113DB681C0A14748B
:107C800000F5D87303EB0113DB681C0C547400F58A
:107C9000D87303EB0113DB681B0E937421B9C3681F
:107CA00043F02003C36003E0036943F02003036152
:107CB00010BD21B9C26842F02002C26003E002692F
:107CC00042F02002026170470246002019B9D368D1
:107CD00003F0030006E0012903D1136903F0030058
:107CE00000E00020704710B502460B4600204FF61A
:107CF000FF71BBB9146824F0020444F0010414605D
:107D000000E0491E546804F00304012C01D000294E
:107D1000F7D1546804F00304012C01D0002032E0B4
:107D2000012030E0012B13D1146824F00304146007
:107D300000E0491E546804F003040CB10029F8D196
:107D4000546804F003040CB100201CE001201AE088
:107D5000022B17D1146824F0010444F002041460CB
:107D600000E0491E546804F00304022C01D00029ED
:107D7000F7D1546804F00304022C01D0002002E083
:107D8000012000E0002010BD014600200A6822F01A
:107D9000010242F002020A604A6802F00302022A6B
:107DA00000D10120704701464FF6FF7200200B689A
:107DB00023F002030B6000E0521E4B6803F0020345
:107DC000022B01D1002AF7D14B6803F00203022BEA
:107DD00000D001207047014600208A6902F070003F
:107DE0007047014600208A69100E70470146002046
:107DF0008A69C2F3074070471AB143690B43436174
:107E000002E043698B434361704710B5024600208E
:107E100001F4700343B19369C1F3130423400BB120
:107E200001202DE000202BE001F0807343B1536866
:107E3000C1F3130423400BB1012021E000201FE017
:107E400001F0006343B19368C1F3130423400BB105
:107E5000012015E0002013E001F0007343B1D36866
:107E6000C1F3130423400BB1012009E0002007E017
:107E70001369C1F3130423400BB1012000E000207B
:107E800010BD0022244B994202D10023836111E0EE
:107E9000C1F3130201F000730BB1C2600AE001F0FC
:107EA00080630BB1026105E001F000630BB18260F9
:107EB00000E0426070470246002002EA01030BB175
:107EC000012000E00020704770B504460D460026F2
:107ED00060692840002872D0B5F5807F69D01DDC2C
:107EE000082D42D006DC012D2DD0022D31D0042DDD
:107EF0007FD134E0102D3ED0202D42D0402D78D1BE
:107F000045E0000003000004000300080000031027
:107F1000000100080001FFF77000F030B5F5004FD8
:107F200061D009DCB5F5007F4AD0B5F5806F4DD042
:107F3000B5F5006F5DD150E0B5F5803F2DD0B5F5BA
:107F4000003F56D12FE0A0685549FFF7B4FF064621
:107F500051E0E0680321FFF7AEFF06464BE0E06822
:107F60000821FFF7A8FF064645E0E0681021FFF76B
:107F7000A2FF06463FE020690321FFF79CFF06466B
:107F800039E020690821FFF796FF064633E02069B3
:107F90001021FFF790FF06462DE060680821FFF7EB
:107FA0008AFF064627E060681021FFF784FF064637
:107FB00021E0A0690121FFF77EFF06461BE01BE0E0
:107FC000A0690221FFF777FF064614E0A0690421AB
:107FD000FFF771FF06460EE00BE0A0697021FFF786
:107FE0006AFF064607E060680421FFF764FF064663
:107FF00001E0002600BF00E00026304670BDB1F56C
:10800000007F3AD00FDC202928D006DC01291CD0C3
:1080100004291DD0082940D11DE0402921D0B1F507
:10802000807F3AD126E0B1F5004F31D006DCB1F5C2
:10803000806F25D0B1F5006F2FD124E0B1F5803FDE
:1080400012D0B1F5003F28D111E0154A826025E039
:108050000822C26022E01022C2601FE008220261F2
:108060001CE01022026119E00822426016E0102292
:10807000426013E00422426010E0042242600DE0FE
:10808000042242600AE0002282610422426005E08C
:10809000002282610422426000E000BF00BF7047FE
:1080A00001010100016821F001010160002101606E
:1080B00041608160C160016121214161DB498842E9
:1080C00004D13D21D94A103A91608CE0D74918314A
:1080D000884205D14FF47461D44A103A916082E02D
:1080E000D2493031884205D14FF47411CF4A103A49
:1080F000916078E0CD494831884205D14FF07461F4
:10810000CA4A103A91606EE0C8496031884204D191
:10811000C749C64A103AD16065E0C44978318842FF
:1081200004D1C449C14A103AD1605CE0BF499031E2
:10813000884204D1C049BD4A103AD16053E0BB49DE
:10814000A831884205D14FF03D51B84A103AD1606C
:1081500049E0BA49884204D13D21B84A083A116041
:1081600041E0B6491831884205D14FF47461B34AF1
:10817000083A116037E0B1493031884205D14FF4F7
:108180007411AE4A083A11602DE0AC49483188427A
:1081900005D14FF07461A94A083A116023E0A7495C
:1081A0006031884204D1A249A44A121F11601AE02A
:1081B000A2497831884204D19E49A04A121F116019
:1081C00011E09E499031884204D19B499B4A121F7D
:1081D000116008E09949A831884204D14FF03D511F
:1081E000964A121F1160704710B500220268944B26
:1081F0001A40CC680B6823434C6923438C692343A2
:10820000CC6923430C6A23434C6A23438C6A23437F
:108210004C6B23438C6B23431A430260426922F068
:108220000702D1E90B3423431A4342610B694360CF
:108230004B6883608B68C36010BD002101604160A2
:108240008160C160016141618161C161016241621E
:108250008162C162016341638163704721B1026839
:1082600042F00102026003E0026822F001020260B3
:10827000704721B1026842F40042026003E00268E4
:1082800022F400420260704721B1026842F02002ED
:10829000026003E0026822F0200202607047416041
:1082A00070470146486880B2704722B1036843F4C2
:1082B0000023036003E0036823F4002303600161EB
:1082C000704721B1026842F48022026003E0026834
:1082D00022F48022026070470AB1016100E0C160AF
:1082E0007047014600200A6802F400220AB101200A
:1082F00000E000207047014600200A6802F00102F9
:108300000AB1012000E000207047014600204A69C0
:1083100002F03800704730B503460A4600200024BA
:10832000464DAB4202D24149103901E04349103970
:1083300002F000550DB14C6800E00C68414D2C4036
:1083400004EA02050DB1012000E0002030BD024624
:108350003A4B9A4202D23548103801E0374810387B
:1083600001F000531BB1374B0B40C36002E0354BAB
:108370000B408360704710B501F080034BB122B110
:10838000436943F08003436103E0436923F08003C2
:10839000436180290BD02AB1036801F01E042343F6
:1083A000036004E0036801F01E04A343036010BDF2
:1083B00070B50246002000240025204EB24202D2B1
:1083C0001A4B103B01E01D4B103B1F4E0E4036B1C7
:1083D0001E2606EAD124166806EA040502E056695C
:1083E00006F0800501F000560EB15C6800E01C68E4
:1083F000144E344004EA010616B10DB1012000E02C
:10840000002070BD02460D4B9A4202D20748103838
:1084100001E00A48103801F000531BB1094B0B4032
:10842000C36002E0074B0B4083607047106002405E
:108430003D000020400F002000003D20106402405D
:108440003F801CF07D0F7D0F3C0F3C0F10B50446A4
:108450009848844208D10121084600F086FB00219B
:10846000012000F082FB76E09348844208D101218C
:10847000022000F07AFB0021022000F076FB6AE087
:108480008E48844208D10121042000F06EFB0021B7
:10849000042000F06AFB5EE08948844208D1012193
:1084A000082000F062FB0021082000F05EFB52E093
:1084B0008448844208D10121102000F056FB00219D
:1084C000102000F052FB46E07F48844208D1012191
:1084D000202000F04AFB0021202000F046FB3AE07B
:1084E0007A48844208D10121402000F03EFB00215F
:1084F000402000F03AFB2EE07548844208D101216B
:10850000802000F032FB0021802000F02EFB22E0D2
:108510007048844208D10121801500F026FB00211B
:10852000A01500F022FB16E06B48844208D101211F
:10853000401500F01AFB0021601500F016FB0AE060
:108540006648844207D10121001500F00EFB00218E
:10855000201500F00AFB10BDF0B50A4600210023EB
:10856000002400BF3DE0012505FA01F3156805EA86
:1085700003049C4234D105684F000326BE40B54336
:10858000056015794E00B5400668354305601579DC
:10859000012D02D01579022D16D185684F000326D2
:1085A000BE40B543856055794E00B5408668354379
:1085B0008560456801268E40B543456045689679DB
:1085C0008E40B6B235434560C5684F000326BE40B5
:1085D000B543C560D5794E00B540C6683543C56022
:1085E000491C1029BFD3F0BD4FF6FF710160002177
:1085F000017141718171C171704708B54FF48032CA
:108600000092009A0A430092009AC261C161009AE6
:10861000C261C2690092C269009208BD0246002090
:1086200013690B400BB1012000E0002070470146A8
:10863000086980B270470246002053690B400BB1B5
:10864000012000E0002070470146486980B2704771
:1086500001837047418370470AB1018300E0418381
:1086600070474161704742694A4042617047F0B5C6
:10867000002300244D07ED0E02FA05F3CE1000F1A1
:10868000200555F826504E07F70E0F26BE40B5437D
:10869000CF1000F1200646F82750CE1000F120053B
:1086A00055F8265045EA0304CE1000F1200545F8A0
:1086B0002640F0BD000002400004024000080240D5
:1086C000000C02400010024000140240001802405A
:1086D000001C02400020024000240240002802400A
:1086E000F948006840F00100F74908600020F649A9
:1086F00008310860F4480068F4490840F24908600D
:10870000F348091D0860F348EF4984310860F048D8
:108710001038091D0860EC48006820F48020EA4900
:1087200008600020E8490C310860E7498C31086096
:1087300070470021E44A921C11701146087070477E
:1087400010B501460022002300204A11012A02D15F
:10875000DD4C236808E0022A03D1DB4C7034236827
:1087600002E0D94C7434236801F01F0201249440C4
:108770001C400CB1012000E0002010BD38B50020E5
:1087800000900024002500BF3120FFF7D9FF0546E7
:108790000098401C00900098B0F5A06F01D0002D0B
:1087A000F2D03120FFF7CCFF08B1012400E0002413
:1087B000204638BD01460020C34A106820F0F8006A
:1087C00040EAC10010607047C3490860704700214B
:1087D000BD4A703211701170012802D004280AD1EC
:1087E00004E00121B84A7032117005E00521B64A53
:1087F0007032117000E000BF00BF7047B7490860D9
:10880000704770B5049C41EA82150126C6EB5306F9
:1088100045EA0645054345EA0465AB4E361D35601D
:1088200070BDAD4908667047820142EA0172A64BED
:1088300084331A607047A8498866704710B5830171
:1088400043EA016343EA02739F4C8834236010BDFE
:10885000A14908677047A049C864704702460020D4
:10886000994B0833186820F0EC6042EA0103184382
:10887000954B08331860704702460020924B08332E
:10888000186820F0784042EA010318438E4B083301
:1088900018607047014600208B4A0832106820F0AB
:1088A000030008431060704787480830006800F0F4
:1088B0000C00704701460020834A0832106820F0FF
:1088C000F000084310607047014600207E4A0832DD
:1088D000106820F4E0500843106070470146002003
:1088E000794A0832106820F4604040EAC100106004
:1088F0007047F0B500210022002402250026022343
:10890000714F08373F6807F00C0121B1042905D0E9
:10891000082937D105E0724F076036E0714F0760D4
:1089200033E0694F3F1D3F68C7F38056664F3F1DD8
:108930003F6807F03F036EB16A4FB7FBF3F7DFF80C
:1089400088C10CF1040CDCF800C0CCF3881C07FBD8
:108950000CF40CE0624FB7FBF3F7DFF86CC10CF1DD
:10896000040CDCF800C0CCF3881C07FB0CF4564F59
:108970003F1D3F68C7F301477F1C7D00B4FBF5F73F
:10898000076002E0564F076000BF00BF4E4F083738
:108990003F6807F0F0010909534F7A5C0768D74038
:1089A0004760494F08373F6807F4E051890A4E4F46
:1089B0007A5C4768D7408760434F08373F6807F4C1
:1089C0006041490B484F7A5C4768D740C760F0BDAB
:1089D000002100F44072B2F5407F0AD13A4A0832D1
:1089E000116821F4F811414A02401143364A083215
:1089F0001160354A70321268C0F30B031A43324BD0
:108A000070331A60704735494439086070473349FC
:108A100040390860704736490860704701460020B9
:108A2000294A8C32106820F01F004A1E1043264A43
:108A30008C321060704701460020234A8C32106847
:108A400020F4F8504A1E40EA02201F4A8C3210607F
:108A50007047014600201C4A8C32106820F44010F8
:108A600008431060704701460020174A8C32106896
:108A700020F4400008431060704701460020124A6D
:108A80008C32106820F44030084310607047194958
:108A90000860704739B10C4A3032126802430A4B01
:108AA00030331A6006E0084A303212688243064BBF
:108AB00030331A607047F9B1034A34321268024306
:108AC000014B34331A601CE000380240FFFFF6EA25
:108AD000103000240030002000004742800E474242
:108AE0000024F40000127A0070290020FFFCFF0F20
:108AF0005C014742E01147428F4A126882438E4B25
:108B00001A60704739B18C4A121D126802438A4BB1
:108B10001B1D1A6006E0884A121D12688243864BAC
:108B20001B1D1A60704739B1834A0C321268024328
:108B3000814B0C331A6006E07F4A0C321268824384
:108B40007D4B0C331A60704739B17B4A1032126882
:108B50000243794B10331A6006E0774A10321268EC
:108B60008243754B10331A60704739B1724A243A08
:108B700012680243704B243B1A6006E06E4A243AA6
:108B8000126882436C4B243B1A60704739B16A4AC1
:108B9000203A12680243684B203B1A6006E0664A9E
:108BA000203A12688243644B203B1A60704739B107
:108BB000614A1C3A126802435F4B1C3B1A6006E094
:108BC0005D4A1C3A126882435B4B1C3B1A6070473B
:108BD00039B1594A143A12680243574B143B1A6090
:108BE00006E0554A143A12688243534B143B1A600C
:108BF000704739B1504A103A126802434E4B103B4D
:108C00001A6006E04C4A103A126882434A4B103B05
:108C10001A60704739B1484A1C3212680243464B09
:108C20001C331A6006E0444A1C3212688243424BED
:108C30001C331A60704739B13F4A20321268024330
:108C40003D4B20331A6006E03B4A203212688243D3
:108C5000394B20331A60704739B1374A24321268D1
:108C60000243354B24331A6006E0334A243212683B
:108C70008243314B24331A60704739B12E4A2C326B
:108C8000126802432C4B2C331A6006E02A4A2C321D
:108C900012688243284B2C331A60704739B1264A38
:108CA000303212680243244B30331A6006E0224A05
:108CB000303212688243204B30331A6070470128EB
:108CC00008D11D493C31096841F008011A4A3C327B
:108CD000116007E018493C31096821F00801164A83
:108CE0003C321160704739B1134A273A1278024377
:108CF000114B273B1A7006E00F4A273A127882433D
:108D00000D4B273B1A7070470B484030006840F00D
:108D10008070094940310860704701460020064ACA
:108D2000283A12680A400AB1012000E0002070478A
:108D300001492639087070473438024010B504469E
:108D4000FE48844208D101210846FFF752FF002166
:108D50000120FFF74EFF9DE0B4F1804F08D10121C3
:108D60000846FFF735FF00210120FFF731FF91E0B2
:108D7000F348844208D101210220FFF729FF002196
:108D80000220FFF725FF85E0EE48844208D101214B
:108D90000420FFF71DFF00210420FFF719FF79E0F1
:108DA000E948844208D101210820FFF711FF002182
:108DB0000820FFF70DFF6DE0E448844208D101214F
:108DC0001020FFF705FF00211020FFF701FF61E0F1
:108DD000DF48844208D101212020FFF7F9FE00215D
:108DE0002020FFF7F5FE55E0DA48844208D1012142
:108DF0000220FFF7FEFE00210220FFF7FAFE49E005
:108E0000D548844209D101210804FFF7F2FE002170
:108E10004FF48030FFF7EDFE3CE0D048844209D1AA
:108E200001214804FFF7E5FE00214FF40030FFF771
:108E3000E0FE2FE0CA48844209D101218804FFF7EF
:108E4000D8FE00214FF48020FFF7D3FE22E0C54872
:108E5000844208D101214020FFF7BAFE00214020C2
:108E6000FFF7B6FE16E0C048844208D101218020F9
:108E7000FFF7AEFE00218020FFF7AAFE0AE0BB4804
:108E8000844207D101218015FFF7A2FE0021A01521
:108E9000FFF79EFE10BD00220288A84B98420ED01C
:108EA000AC4B98420BD0B0F1804F08D0A44B984205
:108EB00005D0A44B984202D0A34B984204D14FF660
:108EC0008F731A404B881A43A04B984207D0A04B8F
:108ED000984204D04FF6FF431A400B891A43028090
:108EE0004B68C3620B880385944B984202D0994B20
:108EF000984201D18B7A03860123838270474FF019
:108F0000FF31416000210180018141808172704701
:108F10000185828270470A46002101884FF68F73CF
:108F2000194011430180704741627047C162704728
:108F30000146486A70470146088D704721B1028892
:108F400042F00202028004E002884FF6FD731A40EC
:108F50000280704721B1028842F00402028004E0DE
:108F600002884FF6FB731A400280704721B10288D5
:108F700042F08002028004E002884FF67F731A40BC
:108F80000280704702884FF6F7731A400280028809
:108F90000A430280704702884FF6FF431A4002805E
:108FA00002880A430280704721B1028842F0010220
:108FB000028004E002884FF6FE731A400280704778
:108FC00070B5002400220023058C4FF6FE76354054
:108FD0000584028C8388048B4FF68F752C40B51E58
:108FE0002C400D882C43751E2A408D892A434D88BC
:108FF0002A43524DA84202D0564DA84213D14FF6F3
:10900000F7752A40CD892A434FF6FB752A408D8893
:109010002A434FF6FF652B404FF6FF552B400D8A34
:109020002B434D8A2B43838004838D6845630284E0
:1090300070BD70B5002400220023058C4FF6EF763A
:1090400035400584028C8388048B48F6FF752C40DC
:109050004FF6FF452C400D884FF6FF7606EA0525B2
:109060002C434FF6DF752A408D8906EA05152A4301
:109070004D8806EA05152A43304DA84202D0354DE9
:10908000A8421DD14FF67F752A40CD894FF6FF7655
:1090900006EA05152A434FF6BF752A408D8806EA71
:1090A00005152A434FF6FF352B404FF2FF752B4035
:1090B0000D8A06EA85052B434D8A06EA85052B4372
:1090C000838004838D688563028470BD70B500243D
:1090D00000220023058C4FF6FF6635400584028C84
:1090E0008388848B4FF68F752C404FF6FC752C408F
:1090F0000D882C434FF6FF552A408D894FF6FF7699
:1091000006EA05252A434D8806EA05252A430B4D24
:10911000A84202D00F4DA84238D14FF2FF752A4025
:10912000CD894FF6FF7606EA05252A434FF6FF352F
:109130002A408D8806EA05252A4319E000000140EF
:109140000004004000080040000C004000100040F7
:109150000014004000040140004001400044014070
:109160000048014000180040001C00400020004062
:109170004EF6FF752B404DF6FF752B400D8A06EA23
:1091800005152B434D8A06EA05152B4383808483FE
:109190008D68C563028470BD70B500220023002471
:1091A000058C4EF6FF7635400584038C8488828BCF
:1091B00048F6FF752A404FF6FF452A400D884FF6C6
:1091C000FF7606EA05252A434DF6FF752B408D896B
:1091D00006EA05352B434D8806EA05352B43FE4D3F
:1091E000A84202D0FD4DA84208D14BF6FF752C4095
:1091F0000D8A4FF6FF7606EA85152C43848082831C
:109200008D680564038470BD0021018041808180E8
:1092100081608181C18101824182704770B50346BE
:10922000002000241846183001258D40ACB21D8C5A
:10923000A5431D8409B108290AD100EB6100056826
:109240004FF68F76354005600568154305600FE0E1
:109250000D1FC5F34E052844056848F6FF763540D6
:10926000056005684FF6FF7606EA0226354305607D
:1092700070BD4163704781637047C163704701648B
:1092800070470A460021018B4FF68F731940114336
:10929000018370470A460021018B48F6FF7319408D
:1092A0004FF6FF7303EA02231943018370470A460E
:1092B0000021818B4FF68F731940114381837047D2
:1092C0000A460021818B48F6FF7319404FF6FF7361
:1092D00003EA02231943818370470A460021018B68
:1092E0004FF6F77319401143018370470A46002176
:1092F000018B4FF2FF7319404FF6FF7303EA02230D
:109300001943018370470A460021818B4FF6F7739A
:1093100019401143818370470A460021818B4FF227
:10932000FF7319404FF6FF7303EA02231943818349
:1093300070470A460021018B4FF6FB731940114319
:10934000018370470A460021018B4FF6FF33194015
:109350004FF6FF7303EA02231943018370470A465D
:109360000021818B4FF6FB731940114381837047B5
:109370000A460021818B4FF6FF3319404FF6FF73E9
:1093800003EA02231943818370470A460021018BB7
:109390004FF67F7319401143018370470A4600213D
:1093A000018BC1F30E014FF6FF7303EA0223194349
:1093B000018370470A460021818B4FF67F73194065
:1093C0001143818370470A460021818BC1F30E014E
:1093D0004FF6FF7303EA02231943818370470A465D
:1093E0000021018C4FF6FD73194011430184704731
:1093F0000A460021018C4FF6F7731940114301848E
:1094000070470A460021018C4FF6DF7319404FF672
:10941000FF7303EA02131943018470470A460021CF
:10942000018C4FF67F7319404FF6FF7303EA021366
:109430001943018470470A460021018C4FF6FF53FF
:1094400019404FF6FF7303EA022319430184704762
:109450000A460021018C4FF2FF7319404FF6FF734B
:1094600003EA02231943018470470A460021018C54
:109470004DF6FF7319404FF6FF7303EA02331943A9
:109480000184704730B5002301248C40A3B2048CC2
:109490009C430484048C02FA01F5ADB22C4304848D
:1094A00030BD30B5002304248C40A3B2048C9C430F
:1094B0000484048C02FA01F5ADB22C43048430BD5F
:1094C000828B4FF2FF331A408283828B4FF6FF73F9
:1094D00003EA01231A4382837047F0B50C46154610
:1094E000002100220026078C4EF6FF7C07EA0C07BD
:1094F0000784818B028C4FF6FF7707EA043640F62B
:10950000FF4739404FF6FF7707EA052739434FF603
:10951000FF7707EA0337394345F6FF773A4046F4C9
:1095200080573A4381830284F0BD828B4FF6F373F8
:109530001A408283828B0A4382837047F0B50C46BF
:109540001546002100220026078C4FF6FF6C07EA23
:109550000C070784818B028C4FF6FF7707EA0426FD
:109560004FF60C7739404FF6FF7707EA03172F4382
:1095700039434FF2FF573A4046F480773A438183AC
:109580000284F0BD028B4FF2FF331A400283028B3C
:109590004FF6FF7303EA01231A4302837047F0B5C5
:1095A0000C461546002100220026078C4FF6EF7C62
:1095B00007EA0C070784018B028C4FF6FF7707EA56
:1095C000041640F6FF4739404FF6FF7707EA0337A6
:1095D00039434FF6FF7703E00000014000040140EB
:1095E00007EA052739434FF65F773A4046F0100700
:1095F0003A4301830284F0BD028B4FF6F3731A40A5
:109600000283028B0A4302837047F0B50C4615466D
:1096100000210022068C4FF6FE773E400684018B27
:10962000028C4FF60C7631407E1C06EA03162E4360
:1096300031434FF6F576324044F001063243018360
:109640000284F0BD70B505460C46208850B92389C8
:10965000A28861882846FFF7D8FFE1882846FFF7EF
:10966000CBFF25E0208804280AD12389A2886188BD
:109670002846FFF794FFE1882846FFF783FF17E0AD
:10968000208808280AD12389A28861882846FFF704
:1096900055FFE1882846FFF748FF09E02389A288A3
:1096A00061882846FFF719FFE1882846FFF708FF81
:1096B00070BD002101804180012181800021C18095
:1096C000018170472DE9F04105460C46002601272F
:1096D000608808B9022600E00026A088012801D190
:1096E000022700E001272088A0B92389A288618889
:1096F0002846FFF78AFFE1882846FFF77DFF238988
:109700003A4631462846FFF74AFFE1882846FFF7E8
:1097100039FF13E02389A28861882846FFF73FFFBD
:10972000E1882846FFF72EFF23893A46314628462E
:10973000FFF76BFFE1882846FFF75EFFBDE8F08189
:109740000146486B70470146886B70470146C86BFD
:1097500070470146086C70470A884B881A438B880B
:109760001A43CB881A430B891A434B891A438B89B6
:109770001A43A0F844207047002101804180818075
:10978000C180018141818181704731B1B0F84420AD
:1097900042F40042A0F8442005E0B0F84420C2F3AF
:1097A0000E02A0F84420704721B1828842F00402E2
:1097B000828004E082884FF6FB731A4082807047F3
:1097C00021B1828842F00102828004E082884FF653
:1097D000FE731A40828070471AB183890B438381DC
:1097E00002E083898B438381704781827047024600
:1097F0000020138A0B400BB1012000E000207047CD
:10980000CA430282704730B502460020002300247C
:10981000158A05EA0103958905EA010413B10CB123
:10982000012000E0002030BDCA430282704741EAB7
:109830000203A0F8483070471AB183890B43838133
:1098400002E083898B438381704721B1828842F093
:109850000802828004E082884FF6F7731A40828003
:10986000704701894FF6F8721140018170470A462E
:10987000002101894FF68F73194011430181704710
:1098800030B504460D4629462046FFF7F0FF2089F3
:1098900040F00700208130BD2DE9F04104460D461F
:1098A00016461F46602D06D13B4601223146204612
:1098B000FFF775FE05E03B46012231462046FFF7E3
:1098C000A4FE29462046FFF7D2FF208940F007007A
:1098D0002081BDE8F08130B50C4600210189C9B274
:1098E0004FF6FF7505EA03251543254329430181FA
:1098F00030BD2DE9F04105460E4617469846002436
:1099000043463A4631462846FFF7E5FF2C894FF695
:10991000F870044044F007044FF68F70044044F0A0
:1099200070042C81BDE8F081F0B504460D46164662
:109930001F463B46324629462046FFF7CCFF20898A
:1099400040F480402081F0BD82884FF68F731A402A
:10995000828082880A438280704702894FF6F873BA
:109960001A40028102890A430281704702894FF638
:109970007F731A40028102890A4302817047F0B561
:109980000C4615461E460021002200230189028B49
:10999000038C4FF6F877394021434FF6FC473A40A5
:1099A00040F201173A434FF6DD773B404FF6FF7721
:1099B00007EA06172F433B43018102830384F0BD6E
:1099C00021B1828842F08002828004E082884FF6D2
:1099D0007F731A4082807047A0F8501070470000D3
:1099E00010B50446FA48844208D101211020FFF73F
:1099F00000F900211020FFF7FCF857E0F5488442F9
:109A000009D101214804FFF7E3F800214FF40030A9
:109A1000FFF7DEF84AE0F048844209D101218804CA
:109A2000FFF7D6F800214FF48020FFF7D1F83DE092
:109A3000EA48844209D10121C804FFF7C9F800218E
:109A40004FF40020FFF7C4F830E0E548844209D124
:109A500001210805FFF7BCF800214FF48010FFF743
:109A6000B7F823E0DF48844208D101212020FFF726
:109A7000C0F800212020FFF7BCF817E0DA48844244
:109A800009D101218807FFF7A3F800214FF080409A
:109A9000FFF79EF80AE0D548844207D1012140052E
:109AA000FFF796F800216005FFF792F810BD2DE949
:109AB000FF4705460E460024A14600BFA046B089D8
:109AC00000B100BF2C8A24F44054F08804432C8257
:109AD000AC8941F20C608443B088318908437189B4
:109AE00008430443AC81AC8A24F44074B089044335
:109AF000AC826846FEF7FDFEB548854202D0B94803
:109B0000854202D1DDF80C9001E0DDF80890A889CB
:109B100000F4004040B109EBC90000EB09103168C6
:109B20004900B0FBF1F707E009EBC90000EB0910B1
:109B300031688900B0FBF1F76420B7FBF0F0040155
:109B40002009642101FB1078A88900F4004040B18D
:109B5000322000EBC800B0FBF1F000F00700044336
:109B600008E0322000EB08106421B0FBF1F000F0B7
:109B70000F0004432C81BDE8FF874FF416510160AC
:109B800000218180C18001810C21418100218181DE
:109B9000704710B502460020108A20F470600B88D0
:109BA0004C8823438C882343CC882343184310825A
:109BB00010BD0021018041808180C180704721B1AA
:109BC000828942F40052828104E082894DF6FF735B
:109BD0001A4082817047028B02F47F420283028B1B
:109BE0000A430283704721B1828942F40042828194
:109BF00003E08289C2F30E028281704721B1828A1A
:109C000042F40062828204E0828A4FF2FF731A40BB
:109C100082827047C1F308028280704701468888BB
:109C2000C0F308007047028A4FF6F0731A400282B0
:109C3000028A0A430282704721B1828942F00202FD
:109C4000828104E082894FF6FD731A408281704759
:109C500082894FF2FF731A40828182890A4382818E
:109C60007047028A4FF6DF731A400282028A0A4363
:109C70000282704721B1028A42F48042028204E0EB
:109C8000028A4BF6FF731A4002827047818941F0C5
:109C900001018181704721B1828A42F008028282EB
:109CA00004E0828A4FF6F7731A4082827047028B73
:109CB000D2B20283028B42EA01220283704721B1B1
:109CC000828A42F02002828204E0828A4FF6DF73A9
:109CD0001A408282704721B1828A42F01002828249
:109CE00004E0828A4FF6EF731A4082827047828ABC
:109CF0004FF6FB731A408282828A0A43828270473F
:109D000021B1828A42F00202828204E0828A4FF606
:109D1000FD731A40828270471AB1838A0B43838293
:109D200002E0838A8B4383827047F0B503460024A8
:109D300000260025002040F66A17B94200D100BF76
:109D40001846C1F3421401F01F06012707FA06F571
:109D5000012C01D10C3004E0022C01D1103000E0C4
:109D600014301AB107682F43076002E00768AF4359
:109D70000760F0BD02460020B1F5007F00D100BFB2
:109D800013880B400BB1012000E00020704701F464
:109D90000072B2F5007F00D100BFCA430280704755
:109DA00070B50246002400230025002040F66A1604
:109DB000B14200D100BFC1F3421501F01F030126DB
:109DC00006FA03F3012D13D19689334017E0000002
:109DD000001001400044004000480040004C00409A
:109DE000005000400014014000780040007C00401A
:109DF000022D02D1168A334001E0968A33400C12BC
:109E0000012606FA04F41688344013B10CB101207F
:109E100000E0002070BD10B50022002340F66A1457
:109E2000A14200D100BF0A1201249440A3B2DC4336
:109E3000048010BD0948804709480047FEE7FEE757
:109E4000FEE7FEE7FEE7FEE7FEE7FEE7FEE7FEE7EA
:109E500004480549054A064B70470000A103000865
:109E6000890100083858002038640020385C002040
:109E7000385C002010B5134606E0B0EC010AB0EEE5
:109E8000C00AA1EC010A5B1E002BF6D110BD2DE922
:109E9000F04104460D46164637460AE0B4EC021B74
:109EA000B0EE410AF0EE610A07F03EFAA5EC020BB3
:109EB0007F1E002FF2D1BDE8F08130B513461C465D
:109EC0000CE030F9022B002A01DD154603E00025E5
:109ED000D5FA12F52DB221F8025B641E002CF0D1E8
:109EE00030BD30B513461C4609E004C8002A01DD28
:109EF000154602E0002582FAA5F520C1641E002C5B
:109F0000F3D130BD30B513461C460CE010F9012BDF
:109F1000002A01DD154603E00025C5FA12F56DB2F1
:109F200001F8015B641E002CF0D130BD30B51C4639
:109F300008E0B0EC010AF1EC010A30EE200AA2ECD4
:109F4000010A641E002CF4D130BD2DE9F041044615
:109F50000D4616461F46B84616E0B5EC022BB0EE8D
:109F6000420AF0EE620AB4EC022BB0EE421AF0EEB6
:109F7000621A53EC102B51EC110B08F02DFEC6E9C0
:109F800000010836A8F10108B8F1000FE5D1BDE8DD
:109F9000F081F0B51C4609E030F9026B31F9027B23
:109FA00096FA17F52DB222F8025B641E002CF3D14D
:109FB000F0BDF0B51C4605E040C880C987FA86F5BB
:109FC00020C2641E002CF7D1F0BDF0B51C4609E09C
:109FD00010F9016B11F9017BF51905F3070502F87A
:109FE000015B641E002CF3D1F0BDF0B51C4607E008
:109FF00030F8025B31F8027B3D4022F8025B641EC0
:10A00000002CF5D1F0BDF0B51C4604E020C880C995
:10A010003D4020C2641E002CF8D1F0BDF0B51C46B6
:10A0200007E010F8015B11F8017B3D4002F8015B8D
:10A03000641E002CF5D1F0BD30B5DFEDF70AB0EEAF
:10A04000600A14460AE0B0EC011AF1EC011AF0EED5
:10A05000400A41EE210AB0EE600A641E002CF2D1E3
:10A0600083ED000A30BD2DE9F0412DED048B04464F
:10A070000D4616461F469FEDE90BB0EE408AF0EE06
:10A08000608AB0461BE0B5EC022BB0EE420AF0EE5F
:10A09000620AB4EC022BB0EE421AF0EE621A53ECF4
:10A0A000102B51EC110B09F07DF841EC190B53EC1E
:10A0B000182B08F091FD41EC180BA8F10108B8F13C
:10A0C000000FE0D187ED008BBDEC048BBDE8F08183
:10A0D0002DE9F04314461D464FF0000C62466346DE
:10A0E00026460AE030F802CB31F8028B1CFB08F759
:10A0F000BA1843EBE773A6F10106002EF2D1C5E9C9
:10A100000023BDE8F0832DE9F04314461D464FF0CF
:10A11000000C6246634626460DE050F804CB51F829
:10A12000048B8CFB087CBF0B47EA8C47BA1843EBC7
:10A13000AC33A6F10106002EEFD1C5E90023BDE83E
:10A14000F083F0B50025144606E010F9017B11F903
:10A1500001CB17FB0C55641E002CF6D11D60F0BD21
:10A1600030B51C4608E0B0EC010AF1EC010A20EE23
:10A17000200AA2EC010A641E002CF4D130BD2DE9A6
:10A18000F04104460D4616461F46B84616E0B5ECAB
:10A19000022BB0EE420AF0EE620AB4EC022BB0EEF3
:10A1A000421AF0EE621A53EC102B51EC110B08F02E
:10A1B000F9FFC6E900010836A8F10108B8F1000F5F
:10A1C000E5D1BDE8F081F0B51C460AE030F8026B3D
:10A1D00031F8027B16FB07F525F3CF3522F8025B39
:10A1E000641E002CF2D1F0BDF0B51C460AE080C818
:10A1F00051F804CB87FB0C76354605F31E056E003F
:10A2000040C2641E002CF2D1F0BDF0B51C460AE03D
:10A2100010F9016B11F9017B16FB07F525F3C71542
:10A2200002F8015B641E002CF2D1F0BD10B513469C
:10A2300006E0B0EC010AB1EE400AA1EC010A5B1E97
:10A24000002BF6D110BD2DE9F04104460D4616460F
:10A2500037460DE0B4EC021BB0EE410AF0EE610AA5
:10A2600051EC100B08F07AFCC5E9000108357F1E9F
:10A27000002FEFD1BDE8F08130B513461C460CE04D
:10A2800030F9022B12F5004F02D147F6FF7500E0BE
:10A2900055422DB221F8025B641E002CF0D130BD76
:10A2A00030B5134605E010C8002584FAA5F520C195
:10A2B0005B1E002BF7D130BD30B5134608E010F916
:10A2C000014B0025C5FA14F56DB201F8015B5B1E68
:10A2D000002BF4D130BD30B5134605E030F8025BF9
:10A2E000EC4321F8024B5B1E002BF7D130BD30B59B
:10A2F000134603E020C8EC4310C15B1E002BF9D1CC
:10A3000030BD30B5134605E010F8015BEC4301F8B1
:10A31000014B5B1E002BF7D130BD10B5134606E094
:10A32000F0EC010A70EE800AE1EC010A5B1E002BE2
:10A33000F6D110BD2DE9F0412DED028B0446B0EEB3
:10A34000408AF0EE608A0D4617463E460FE0B4ECB8
:10A35000021BB0EE410AF0EE610A53EC182B51ECEF
:10A36000100B08F039FCC5E900010835761E002EF7
:10A37000EDD1BDEC028BBDE8F08170B51C4607E065
:10A3800030F9026B96FA11F52DB222F8025B641EC9
:10A39000002CF5D170BD70B51C4604E040C881FAB0
:10A3A00086F520C2641E002CF8D170BD70B51C4625
:10A3B00007E010F9016B751805F3070502F8015B5A
:10A3C000641E002CF5D170BDF0B51C4607E030F8D6
:10A3D000025B31F8027B3D4322F8025B641E002CD5
:10A3E000F5D1F0BDF0B51C4604E020C880C93D435E
:10A3F00020C2641E002CF8D1F0BDF0B51C4607E069
:10A4000010F8015B11F8017B3D4302F8015B641E0B
:10A41000002CF5D1F0BD000000000000000000009D
:10A420000000000010B5134606E0F0EC010A60EEF3
:10A43000800AE1EC010A5B1E002BF6D110BD2DE96C
:10A44000F0412DED028B0446B0EE408AF0EE608ABA
:10A450000D4617463E460FE0B4EC021BB0EE410A33
:10A46000F0EE610A53EC182B51EC100B08F09AFE39
:10A47000C5E900010835761E002EEDD1BDEC028B3A
:10A48000BDE8F081F0B5059DC2F10F077EB22C4604
:10A4900008E030F9027B4F43374107F30F0723F8F9
:10A4A000027B641E002CF4D1F0BD2DE9F047044678
:10A4B0000E461746DDF820C007F101094FFA89F56D
:10A4C00005F080094FFA89F86146B8F1000F13D101
:10A4D0000FE001CC80FB06A9484600FA05F242FADB
:10A4E00005F9814503D06FF0004989EAE07204C3A1
:10A4F000491E0029EDD10CE009E001CC80FB06A942
:10A500004846C5F1000940FA09F204C3491E002972
:10A51000F3D1BDE8F087F0B5059DC2F107077EB223
:10A520002C4608E010F9017B4F43374107F307073A
:10A5300003F8017B641E002CF4D1F0BDF0B51C467D
:10A5400001F0800523465DB907E030F9026B8E40CB
:10A5500006F30F0622F8026B5B1E002BF5D109E013
:10A5600006E030F9026B4F423E4122F8026B5B1E5F
:10A57000002BF6D1F0BD2DE9FF4F81B0064688468D
:10A58000174608F080000090DDF810900098D8B9C8
:10A5900016E056F804AB4FEAEA7B4246504659466D
:10A5A00005F07FFB04460D46B5EBE47F04D06FF069
:10A5B000004181EAE57000E0204601C7A9F10109E8
:10A5C000B9F1000FE5D10AE006E001CEC8F10001C3
:10A5D000084101C7A9F10109B9F1000FF5D105B092
:10A5E000BDE8F08FF0B51C4601F0800523465DB94B
:10A5F00007E010F9016B8E4006F3070602F8016BC5
:10A600005B1E002BF5D109E006E010F9016B4F420B
:10A610003E4102F8016B5B1E002BF6D1F0BD30B558
:10A620001C4608E0B0EC010AF1EC010A30EE600AC9
:10A63000A2EC010A641E002CF4D130BD2DE9F041DA
:10A6400004460D4616461F46B84616E0B5EC022BEA
:10A65000B0EE420AF0EE620AB4EC022BB0EE421AFF
:10A66000F0EE621A53EC102B51EC110B09F04EF87E
:10A67000C6E900010836A8F10108B8F1000FE5D1DC
:10A68000BDE8F081F0B51C4609E030F9026B31F904
:10A69000027BD6FA17F52DB222F8025B641E002C5D
:10A6A000F3D1F0BDF0B51C4605E040C880C987FA7B
:10A6B000A6F520C2641E002CF7D1F0BDF0B51C46F3
:10A6C00009E010F9016B11F9017BF51B05F3070592
:10A6D00002F8015B641E002CF3D1F0BDF0B51C46FE
:10A6E00007E030F8025B31F8027B7D4022F8025B24
:10A6F000641E002CF5D1F0BDF0B51C4604E020C866
:10A7000080C97D4020C2641E002CF8D1F0BDF0B598
:10A710001C4607E010F8015B11F8017B7D4002F850
:10A72000015B641E002CF5D1F0BD10B5034600207E
:10A7300024E003EB800494ED001AB4EEE01AF1EE8D
:10A7400010FA04DD01EB8004C4ED000A15E003EB10
:10A75000800494ED001AB4EEC01AF1EE10FA04D29F
:10A7600001EB800484ED000A07E003EB800494ED24
:10A77000001A01EB800484ED001A401C9042D8D3EB
:10A7800010BD70B50446049D002012E054F820600E
:10A790009E4202DD41F820300AE054F820609642E3
:10A7A00002DA41F8202003E054F8206041F82060EC
:10A7B000401CA842EAD370BD70B50446049D002039
:10A7C00012E034F910609E4202DD21F810300AE0F8
:10A7D00034F91060964202DA21F8102003E034F8D0
:10A7E000106021F81060401CA842EAD370BD70B51B
:10A7F0000446049D00200CE026569E4201DD0B54C9
:10A8000006E02656964201DA0A5401E0265C0E5410
:10A81000401CA842F0D370BD2DE9F04303465C68AC
:10A820004D685668B3F80080B3F8029008FB09FC45
:10A83000674608E0B4EC010AF5EC010A30EE200AA4
:10A84000A6EC010A7F1E002FF4D10020BDE8F083A2
:10A850002DE9F04703465C684E685568B3F8008000
:10A86000B3F8029008FB09FC67460AE034F9029B42
:10A8700036F902AB99FA1AF80FFA88F825F8028B24
:10A880007F1E002FF2D10020BDE8F0872DE9F047B0
:10A8900003465C684D685768B3F80080B3F80290CF
:10A8A00008FB09FC664608E054F8049B55F804AB25
:10A8B0008AFA89F847F8048B761E002EF4D100201E
:10A8C000BDE8F0872DE9F74F84B003465C684D681A
:10A8D0005F68069840680390188802904E88B3F825
:10A8E00002C04FF00009DDF808B000BF039800EB8C
:10A8F000C902B0464D684FF0000A00BF9FEDFA3A1A
:10A90000B0EE430A9FEDF83AF0EE430A3C46CDF82C
:10A9100004C025E094ED001A95ED002AD4ED011A4B
:10A92000D5ED012AB0EE403A01EE023AB0EE430A0C
:10A93000B0EE603A01EE823AF0EE430A083405EBDD
:10A94000C605B0EE403A01EEE23AB0EE430AB0EE90
:10A95000603A01EE223AF0EE430A0198401E01905F
:10A9600001980028D6D1A2EC010AE2EC010A0AF112
:10A97000010A486800EBCA05A8F10108B8F1000F08
:10A98000BCD1B14407EBCC07ABF1010BBBF1000F1D
:10A99000ACD100200090009807B0BDE8F08F2DE901
:10A9A000FF4F8EB0814611980D90D9F804000C909D
:10A9B0000F9840680B90B9F800000A900F984088F3
:10A9C0000990B9F8020008900F98008807900020BD
:10A9D00005900798049000BFDDF814A00D9800EBD7
:10A9E0004A030998069027E00193DDF82CA00AF1AC
:10A9F000040ACDF82CA0AAF1040ACDF800A0DDF8D5
:10AA000000B0BBF802E0BBF900006EF31F408246C5
:10AA1000504600BF82460FFA8AFB019BA3F800B0A4
:10AA20004FEA2A4B019BA3F802B000BF079803EB43
:10AA300080030698401E069006980028D4D10598F9
:10AA4000801C05900498401E049004980028C3D1EF
:10AA50000A980490002005901098436800BF099858
:10AA600006900D980B9000BF00242546002637461F
:10AA7000D9F804A005980AEB80000C9008984010C3
:10AA800003905CE0DDF830A00AF1040AAAF10400AA
:10AA9000CDF830A0B0F802B0B0F900E06BF31F4E73
:10AAA000F24600BFD446DDF82CA00AF1040AAAF150
:10AAB0000400CDF82CA0B0F802B0B0F900E06BF3C0
:10AAC0001F4EF24600BFD0464CFB08F12CFB18F29B
:10AAD000641845EBE175B61847EBE2700746DDF800
:10AAE00030A00AF1040AAAF10400CDF830A0B0F8B1
:10AAF00002B0B0F900E06BF31F4EF24600BFD4463F
:10AB0000DDF82CA00AF1040AAAF10400CDF82CA06B
:10AB1000B0F802B0B0F900E06BF31F4EF24600BF90
:10AB2000D0464CFB08F12CFB18F2641845EBE1759C
:10AB3000B61847EBE2770398A0F101000390039861
:10AB400000289FD1089800F0010058B3DDF830A02C
:10AB50000AF1040AAAF10400CDF830A0B0F802B05E
:10AB6000B0F900E06BF31F4EF24600BFD446DDF8AB
:10AB70002CA00AF1040AAAF10400CDF82CA0B0F828
:10AB800002B0B0F900E06BF31F4EF24600BFD046B2
:10AB90004CFB08F12CFB18F2641845EBE175B61874
:10ABA00047EBE2774FEAD43040EA454000F30F002C
:10ABB00023F8020B4FEAD63040EA474000F30F007B
:10ABC00023F8020B0698A0F10100069006980028D1
:10ABD0007FF44AAFDDF820A0059850440590049812
:10ABE000A0F101000490049800287FF438AF02908F
:10ABF000029812B0BDE8F08F2DE9F74F8EB00746EE
:10AC00008C46D7F80490DCF804A078680D90109872
:10AC100040680C9038880B90BCF802B078880A9095
:10AC2000002004900B98029000BF049845000C98F7
:10AC300000EB8508CDF814B0DCF804A000200390E8
:10AC400000BF00210A4600231C46DDF834900A9814
:10AC500001902BE0D9F800000990DAF80000079085
:10AC6000D9F804000890DAF804000690079D0998C6
:10AC700080FB055069184241DDE9075080FB055013
:10AC8000EB18444109F108090AEBCB0A069D089824
:10AC900080FB0556491B62EB0602069D099880FB66
:10ACA0000550EB1844410198401E0190019800287E
:10ACB000D0D1C80F40EA4205D617B6EBE57F04D0E5
:10ACC0006FF0004E8EEAE67000E0284648F8040B6C
:10ACD000D80F40EA4405E617B6EBE57F06D06FF0E3
:10ACE000004E8EEAE67002E000000000284648F8B8
:10ACF000040B0398401C0390DCF80450039805EB08
:10AD0000C00A0598401E05900598002899D104981E
:10AD1000584404900A9845000D9800EB85000D906A
:10AD20000298401E0290029800287FF47EAF0090A7
:10AD3000009811B0BDE8F08F0180428043607047F9
:10AD400001804280436070470180428043607047C9
:10AD500001804280436070472DE9F04F89B0024680
:10AD60000D465068089068680790178850880690CC
:10AD70001FED231AB0EE410A1FED251AF0EE410A2D
:10AD800000200590079EB94621E0A7EB090004903A
:10AD900006E01FED2B1AA6EC011A0498401E049041
:10ADA00004980028F5D1B7EE001AA6EC011AA9F113
:10ADB0000100049006E01FED341AA6EC011A049875
:10ADC000401E049004980028F5D1A9F10109B9F1B9
:10ADD000000FDAD10021C1E10B46B2F802A00AFB54
:10ADE000011A506800EB8A0696ED001AB0EE410A8F
:10ADF00088464C1C17E0B2F802A00AFB041A5068FF
:10AE000000EB8A0696ED001AF0EE410AB0EEE01A69
:10AE1000F0EEC01AB4EEE11AF1EE10FA02DDA0462F
:10AE2000B0EE600A641CBC42E5D3B5EEC00AF1EE98
:10AE300010FA5ED088455CD05068D2F804A0B2F811
:10AE400002B0CDF804B0DDF804B0ABEB010EDDF8D4
:10AE500004B003FB0B1B00EB8B00DDF804B008FB18
:10AE60000B1B0AEB8B0A4FF0000BCDF808B00DE07E
:10AE700090ED001ADAED001AE0EC011AAAEC011AC2
:10AE8000DDF808B00BF1010BCDF808B0DDF808B023
:10AE9000F345EDDB6868D5F804A0B5F802E0CDF81D
:10AEA00004E0DDF804E0F346DDF804E003FB0EFE09
:10AEB00000EB8E00DDF804E008FB0EFE0AEB8E0AC4
:10AEC0004FF0000ECDF808E00DE090ED001ADAED3D
:10AED000001AE0EC011AAAEC011ADDF808E00EF104
:10AEE000010ECDF808E0DDF808E0DE45EDDB0120DD
:10AEF00005900598012809D0B5EEC00AF1EE10FAC8
:10AF000004D16FF0040009B0BDE8F08FB7EE001A6D
:10AF1000C1EE001AB0EE610A5068B2F802B0CDF886
:10AF200008B0DDF808B0ABEB010EDDF808B003FBAC
:10AF30000B1B00EB8B004FF0000A07E090ED001AAE
:10AF400021EE001AA0EC011A0AF1010AF245F5DB24
:10AF50006868B5F802E0CDF808E0DDF808E0F346EF
:10AF6000DDF808E003FB0EFE00EB8E004FF0000A58
:10AF700007E090ED001A21EE001AA0EC011A0AF188
:10AF8000010ADA45F5DB002470E0B2F802A00AFB02
:10AF9000041A506800EB8A0696ED001AB0EE410ADA
:10AFA0005068D2F804A0B2F802E0CDF804E0DDF871
:10AFB00004E0AEEB010BDDF804E004FB0EFE00EB59
:10AFC0008E0E0EEB8100DDF804E003FB0EFE0AEBB3
:10AFD0008E0E0EEB810A4FF0000ECDF808E00DE06A
:10AFE000FAEC011A90ED001A00EE611AA0EC011AB9
:10AFF000DDF808E00EF1010ECDF808E0DDF808E01C
:10B00000DE45EDDB6868D5F804B0CDF804B0B5F8DE
:10B0100002A0D346CDF800B004FB0AFB00EB8B0086
:10B0200003FB0AFBDDF804E00EEB8B0BCDF804B05C
:10B030004FF0000BCDF808B011E0DDF804B0FBECE8
:10B04000011ACDF804B090ED001A00EE611AA0ECE0
:10B05000011ADDF808B00BF1010BCDF808B0DDF8EE
:10B0600000E0DDF808B0F345E7DB641C9C428CD3BC
:10B070005C1C70E0B2F802A00AFB041A506800EBF6
:10B080008A0696ED001AB0EE410A5068D2F804A084
:10B09000B2F802E0CDF804E0DDF804E0AEEB010B1D
:10B0A000DDF804E004FB0EFE00EB8E0E0EEB8100DB
:10B0B000DDF804E003FB0EFE0AEB8E0E0EEB810AB8
:10B0C0004FF0000ECDF808E00DE0FAEC011A90ED1B
:10B0D000001A00EE611AA0EC011ADDF808E00EF18A
:10B0E000010ECDF808E0DDF808E0DE45EDDB68682C
:10B0F000D5F804B0CDF804B0B5F802A0D346CDF829
:10B1000000B004FB0AFB00EB8B0003FB0AFBDDF83D
:10B1100004E00EEB8B0BCDF804B04FF0000BCDF834
:10B1200008B011E0DDF804B0FBEC011ACDF804B072
:10B1300090ED001A00EE611AA0EC011ADDF808B0DB
:10B140000BF1010BCDF808B0DDF800E0DDF808B038
:10B15000F345E7DB641CBC428CD3491C0698814252
:10B16000FFF43AAE002003900598012822D0B5EEF6
:10B17000C00AF1EE10FA1DD1506808904FF0000C93
:10B180000CE0089800EB8C0090ED001AB5EEC01AA8
:10B19000F1EE10FA00D005E00CF1010C06987843AE
:10B1A0006045EED800BF06987843604502D16FF045
:10B1B000040003900398A6E62DE9F04F2DED088BCF
:10B1C0008DB00446884660680C90D8F804000B9057
:10B1D000B4F800A060880A909FEDFE0BB0EE408AA4
:10B1E000F0EE608A9FEDFB0BB0EE409AF0EE609AB5
:10B1F00000200790DDF82C90CDF820A023E00898DF
:10B20000AAEB0000069006E09FEDF20BA9EC020B02
:10B210000698401E069006980028F5D19FEDEF0B8A
:10B22000A9EC020B0898401E069006E09FEDE90B82
:10B23000A9EC020B0698401E069006980028F5D14E
:10B240000898401E089008980028D8D100253FE2B1
:10B250002E46618801FB0551606800EBC10999ED3C
:10B26000000BB0EE408AF0EE608A09956F1C2CE06E
:10B27000618801FB0751606800EBC10999ED000B83
:10B28000B0EE409AF0EE609AB0EE480AF0EE680A2E
:10B2900006F04AF8B0EE40AAF0EE60AAB0EE490A15
:10B2A000F0EE690A06F040F8B0EE40BAF0EE60BA8F
:10B2B00053EC1A2B51EC1B0B08F01AF904D2099726
:10B2C000B0EE498AF0EE698A7F1C5745D0D39FEDD6
:10B2D000C10B53EC102B51EC180B07F091FE47D02B
:10B2E0000998A84244D0606861686288A2EB050EA4
:10B2F00006FB025300EBC300099B03FB025301EB67
:10B30000C3014FF0000C0DE090ED001BB0EE410AC0
:10B31000F0EE610A91ED001BA0EC021BA1EC020B08
:10B320000CF1010CF445EFDBD8F80400D8F8041058
:10B33000B8F80220964606FB02FC00EBCC00DDF8D4
:10B3400024C00CFB02FC01EBCC0100230CE090EDCF
:10B35000001BB0EE410AF0EE610A91ED001BA0EC7B
:10B36000021BA1EC020B5B1C7345F0DB0120079074
:10B37000079801280FD09FED970B53EC102B51EC41
:10B38000180B07F03DFE06D16FF004000DB0BDECC8
:10B39000088BBDE8F08F53EC182B9FED900B51EC10
:10B3A000100B07F0D5FC41EC180B60680390608827
:10B3B00002900298401B0190DDE9021006FB01514A
:10B3C00000EBC10003900020049014E0039890ED7E
:10B3D000001BB0EE410AF0EE610A53EC182B51EC61
:10B3E000100B07F0DFFE039A03C2039808300390A6
:10B3F0000498401C0490019904988842E6DBD8F830
:10B4000004000390B8F80200029002980190DDE970
:10B41000022106FB02F001EBC00003900020049023
:10B4200014E0039890ED001BB0EE410AF0EE610AC3
:10B4300053EC182B51EC100B07F0B4FE039A03C227
:10B440000398083003900498401C049001990498D4
:10B450008842E6DB002794E0618801FB07516068C1
:10B4600000EBC10999ED000BB0EE408AF0EE608A66
:10B470006068039060680290608801900198401BAA
:10B480000090019907FB0151039800EBC100039064
:10B49000DDE9011006FB015100EBC1000290002024
:10B4A000049024E00298B0EC021BB0EE410AF0EEEA
:10B4B000610A53EC102B029051EC180B07F072FE4E
:10B4C00041EC1A0B039890ED001BB0EE410AF0EE30
:10B4D000610A53EC102B51EC1A0B08F03FF8039A59
:10B4E00003C20398083003900498401C049000990C
:10B4F00004988842D6DBD8F804000390D8F80400FA
:10B500000290B8F80200019001980090019A07FBA0
:10B5100002F0039901EBC0000390DDE9012106FB75
:10B5200002F001EBC00002900020049024E0029899
:10B53000B0EC021BB0EE410AF0EE610A53EC102BA6
:10B54000029051EC180B07F02DFE41EC1A0B0398FA
:10B5500090ED001BB0EE410AF0EE610A53EC102BA7
:10B5600051EC1A0B07F0FAFF039A03C20398083054
:10B5700003900498401C0490009904988842D6DBFC
:10B580007F1CB742FFF468AF771C9DE0618801FB28
:10B590000751606800EBC10999ED000BB0EE408ADD
:10B5A000F0EE608A606803906068029060880190A5
:10B5B0000198401B0090019907FB0151039800EB93
:10B5C000C1000390DDE9010106FB005001EBC00062
:10B5D000029007E0000000000000000000000000F2
:10B5E0000000F03F0020049024E00298B0EC021B21
:10B5F000B0EE410AF0EE610A53EC102B029051ECD0
:10B60000180B07F0CFFD41EC1A0B039890ED001BCF
:10B61000B0EE410AF0EE610A53EC102B51EC1A0B1C
:10B6200007F09CFF039A03C2039808300390049824
:10B63000401C0490009904988842D6DBD8F8040096
:10B640000390D8F804000290B8F802000190019825
:10B650000090019A07FB02F0039901EBC0000390F0
:10B66000DDE9012106FB02F001EBC00002900020A1
:10B67000049024E00298B0EC021BB0EE410AF0EE18
:10B68000610A53EC102B029051EC180B07F08AFD65
:10B6900041EC1A0B039890ED001BB0EE410AF0EE5E
:10B6A000610A53EC102B51EC1A0B07F057FF039A69
:10B6B00003C20398083003900498401C049000993A
:10B6C00004988842D6DB7F1C5745FFF45FAF6D1CA2
:10B6D0000A988542FFF4BCAD002005900798012828
:10B6E00030D01FED440B53EC102B51EC180B07F02E
:10B6F00087FC27D160680C904FF0000B14E00C9889
:10B7000000EBCB0090ED001BB0EE410AF0EE610AB9
:10B710001FED501B53EC112B51EC100B07F070FC7C
:10B7200000D006E00BF1010B0A980AFB00F0584527
:10B73000E5D800BF0A980AFB00F0584502D16FF027
:10B7400004000590059821E62DE9F74F2DED048BB7
:10B750008EB08346894600BFD9F804000B90DBF811
:10B7600004000A90D9F804000990149840680890E1
:10B77000BBF800000690B9F80240BBF802A0002018
:10B78000049000210698CDE9020100BF08990498B1
:10B7900001EBC000079000262546D9F804000B9065
:10B7A00000BF1FED748B0A980C904FF000085746AD
:10B7B00021E00C98B0EC022BB0EE421AF0EE621AC7
:10B7C0000C900B9890ED002BB0EE420AF0EE620A5E
:10B7D00053EC102B51EC110B07F0E4FC53EC182B3D
:10B7E00007F0FAF941EC180B0B9800EBC4000B9032
:10B7F0007F1E68F10008002187EA010088EA010144
:10B800000843D6D1079880ED008B07980830079041
:10B810006D1E66F10006601B099901EBC0000B90DC
:10B820004FF0000185EA010086EA01010843B8D122
:10B830000498001904900A9800EBCA000A904FF08F
:10B840000103DDE902C0BCEB030160F10000CDE9BA
:10B8500002100023DDE9020158405940084395D108
:10B86000019001980EB0BDEC048BBDE8FE8F2DE970
:10B87000F74F84B003465D684E685F68D1F804B046
:10B88000CDF80CB0DDF818B0DBF804B0CDF808B096
:10B89000B3F800B0CDF804B04A88B3F802804FF096
:10B8A0000009DDF804B0CDF800B000BFDDF808B045
:10B8B0000BEB890C14464E6800BFDFEDFE0AB0EEBC
:10B8C000600A3D46C2460DE0B5EC011AD6ED001AFD
:10B8D000F0EE400A41EE210AB0EE600A06EB820665
:10B8E000AAF1010ABAF1000FEED1ACEC010A641E14
:10B8F000A2EB040EDDF80CB00BEB8E06002CDCD1B5
:10B90000914407EB8807DDF800B0ABF1010BCDF8EF
:10B9100000B0DDF800B0BBF1000FC7D1002007B0C8
:10B92000BDE8F08F2DE9FF4F91B08146149810903B
:10B93000D9F8044012984268B9F800000F901298A4
:10B940004388B9F802601298078800200E90BA4622
:10B95000019000BFDDF838B0109800EB4B01981053
:10B96000804637E002F1040B5A46101FB0F802B0CF
:10B97000B0F900E06BF31F4ECDF800E0DDF800B049
:10B98000CDF830B00C9800B2088001EB47010C985C
:10B990000014088001EB4700014602F1040B5A46EF
:10B9A000101FB0F802B0B0F900E06BF31F4ECDF8F5
:10B9B00000E0DDF800B0CDF830B00C9800B208809F
:10B9C00001EB47010C980014088001EB4701A8F136
:10B9D00001008046B8F1000FC4D103F0030806E06F
:10B9E00032F8020B088001EB4701A8F10108B8F119
:10B9F000000FF5D10E98401C0E90AAF1010ABAF181
:10BA0000000FA7D1DDF83CA000200E9013984168EC
:10BA10004FEA5A0A01EB43000290E9E09846109A77
:10BA20004FEA580800200190CEE00025D9F804B074
:10BA30000E980BEB40040020079006900590DDF86F
:10BA400004B0109800EB4B0204EB4600049002EBAC
:10BA5000470003907010844662E004F1040B5C46DA
:10BA6000201FB0F802B0B0F900E06BF31F4ECDF824
:10BA700000E0DDF800B0CDF82CB002F1040B5A461E
:10BA8000101FB0F802B0B0F900E06BF31F4ECDF814
:10BA900000E0DDF800B0CDF828B0DDF810B00BF113
:10BAA000040BABF10400CDF810B0B0F802B0B0F95F
:10BAB00000E06BF31F4ECDF800E0DDF800B0CDF8EC
:10BAC00024B0DDF80CB00BF1040BABF10400CDF8A1
:10BAD0000CB0B0F802B0B0F900E06BF31F4ECDF837
:10BAE00000E0DDF800B0CDF820B0DDE90A0B2BFB5B
:10BAF0000055DDE907EB0B9820FB0BE00790DDF824
:10BB000018E0DDE9090B20FB0BE00690DDF814E0FE
:10BB1000DDE908B020FB0BE00590ACF101008446A4
:10BB2000BCF1000F99D106F0010050B334F9020BBB
:10BB30000B9032F9020B0A900498B0F900000990BA
:10BB40000498801C04900398B0F9000008900398B2
:10BB5000801C0390DDE90AB010FB0B55DDE9070EF0
:10BB6000DDF82CB01BFB0E000790DDE909BE06983E
:10BB70001BFB0E000690DDE908EB05981BFB0E0091
:10BB80000590E81300B221F8020B0798C01300B229
:10BB900021F8020B0698C0130FFA80FB0298A0F858
:10BBA00000B00298801C02900598C0130FFA80FB29
:10BBB0000298A0F800B00298801C0290019800EB57
:10BBC00047000190A8F10108B8F1000F7FF42DAFF4
:10BBD0000E9830440E900E9830440E9003F0010BF6
:10BBE000029800EB4B0101EB43000290AAF1010A1D
:10BBF000BAF1000F7FF412AF03F0010000287FD0EC
:10BC00000F9820F0010A1398406800EB4300811E52
:10BC1000D9F804406FE0581E7843DDF840B00BEBD4
:10BC200040020025B01084464DE004F1040B5C4650
:10BC3000201FB0F802B0B0F900E06BF31F4ECDF852
:10BC400000E0DDF800B0CDF82CB004F1040B5C4648
:10BC5000201FB0F802B0B0F900E06BF31F4ECDF832
:10BC600000E0DDF800B0CDF824B002F1040B5A4634
:10BC7000101FB0F802B0B0F900E06BF31F4ECDF822
:10BC800000E0DDF800B0CDF828B002F1040B5A4610
:10BC9000101FB0F802B0B0F900E06BF31F4ECDF802
:10BCA00000E0DDF800B0CDF820B0DDE90A0B2BFB99
:10BCB000005501E000000000DDE908B020FB0B5555
:10BCC000ACF101008446BCF1000FAED106F0030CCC
:10BCD00007E034F8020B32F802BB10FB0B55ACF155
:10BCE000010CBCF1000FF4D1E81300B2088001EBA5
:10BCF0004301AAF1010ABAF1000F00E000E08AD185
:10BD00000F9800F0010000287CD01398D0F804B000
:10BD10000F98401E58430BEB4001109A98460020A4
:10BD20000E906CE0D9F804B00F98401E70430BEBF6
:10BD300040040025B01084464AE004F1040B5C4640
:10BD4000201FB0F802B0B0F900E06BF31F4ECDF841
:10BD500000E0DDF800B0CDF82CB004F1040B5C4637
:10BD6000201FB0F802B0B0F900E06BF31F4ECDF821
:10BD700000E0DDF800B0CDF824B002F1040B5A4623
:10BD8000101FB0F802B0B0F900E06BF31F4ECDF811
:10BD900000E0DDF800B0CDF828B002F1040B5A46FF
:10BDA000101FB0F802B0B0F900E06BF31F4ECDF8F1
:10BDB00000E0DDF800B0CDF820B0DDE90A0B2BFB88
:10BDC0000055DDE908B020FB0B55ACF101008446BD
:10BDD000BCF1000FB1D106F0030C07E034F8020B00
:10BDE00032F802BB10FB0B55ACF1010CBCF1000F9B
:10BDF000F4D1E81300B221F8020BA8F10108B8F160
:10BE0000000F8FD100200D900D9815B0BDE8F08F78
:10BE10002DE9F74F8DB004460D4666686F68B4F89B
:10BE200000E06A886088069000200490CDF808E061
:10BE30000F984368DDF808E04FEA5E00029003EBDC
:10BE400082000B9089E005926F6800200390059AAC
:10BE5000500805906DE000218C4688468946D4F84C
:10BE600004A004980AEB8006D5F804A003980AEB16
:10BE70008007069806EB80000C90069801903AE047
:10BE800001CE0A90386808900C98006809900C98C8
:10BE9000001D0C907868079007EB8207DDF820A062
:10BEA0000A9880FB0AB04FF0000A1BEB0A0A4141D6
:10BEB000DDF81CA00A9880FB0AB04FF0000A1BEBCB
:10BEC0000A0A40EB0C0CDDE908A080FB0AB04FF039
:10BED000000A1BEB0A0A40EB0808DDF81CA00998D1
:10BEE00080FB0AB04FF0000A1BEB0A0A40EB09097D
:10BEF0000198401E019001980028C1D1480001C35B
:10BF00004FEA4C0001C34FEA480A0B98C0F800A062
:10BF10000B98001D0B904FEA490A0B98C0F800A03F
:10BF20000B98001D0B900398801C03900598401EF1
:10BF30000590059800288ED1DDF818A0049800EB34
:10BF40004A00049002F0010A0B9800EB8A0303EB0D
:10BF500082000B900298401E0290029800287FF405
:10BF600072AF02F0010068B32EF0010002900F984A
:10BF7000406800EB8200031F666820E0686800EB01
:10BF80008200071F0021069801900EE056F804ABCE
:10BF900038688AFB00B04FF0000A1BEB0A0A4141E7
:10BFA00007EB82070198401E019001980028EDD10F
:10BFB0004800186003EB82030298401E029002982A
:10BFC0000028DBD10EF00100D8B30F98D0F804A000
:10BFD000AEF1010050430AEB80030592002004906B
:10BFE0002CE0AEF10100D4F804A0DDF818B000FB9D
:10BFF0000BF00AEB8006D5F804A004980AEB800742
:10C000000021069801900EE056F804AB38688AFBD0
:10C0100000B04FF0000A1BEB0A0A414107EB820710
:10C020000198401E019001980028EDD1480001C3FD
:10C030000498401C04900598401E0590059800281F
:10C04000CFD100200090009810B0BDE8F08F2DE90E
:10C05000FF4F85B0044666684F68D4F804C048684E
:10C0600004900798406803904A88B4F802902088AA
:10C0700002904FF0000ADDF808B000BF039800EB13
:10C080000A0813464F6800BF00256646CDF80490A5
:10C090000AE016F9010B97F900E010FB0E55174462
:10C0A0000198401E80B2019001980028F1D125F33B
:10C0B000C71008F8010B581E83B2A2EB030E0498B8
:10C0C0000EEB0007002BDFD10AEB02001FFA80FA0B
:10C0D000CC44ABF101001FFA80FBBBF1000FCDD1C6
:10C0E00000200090009809B0BDE8F08F2DE9F043E2
:10C0F000024653684C681588B2F802802F464FF00C
:10C10000000C00BFD1F8049009EB4C04464606E051
:10C1100033F8029BA4F8009004EB4504761E002E31
:10C12000F6D10CF1010C7F1E002FEBD10020BDE8F1
:10C13000F0832DE9FF4F93B006460F4616981190F5
:10C14000D6F804807868109030880E9078880D902A
:10C1500070880C9038880B90002009900B980890FC
:10C160000D98ADF80C000B98ADF80E0011980490E6
:10C1700003A93846FFF7BAFF0E98089000200990EF
:10C18000159840680F9000BF0D980A901198109074
:10C1900000BF002425467168099801EB40080C98FF
:10C1A0008010079055E008F104018846081F438875
:10C1B000B0F9002063F31F42114600BF05911099AA
:10C1C000091D081F10914388B0F9009063F31F49BF
:10C1D000494600BF894608F104018846081F438884
:10C1E000B0F900A063F31F4A51468A4600BF109978
:10C1F000091D081F10914388B0F900B063F31F4B6D
:10C20000594600BF8B462846CDE90045059ACC46E5
:10C2100021460B468646C2FBCC3E1946704602922A
:10C22000002242EA01044EEA02052846D646DC46D0
:10C2300021460A460346CAFBCC2311461846002273
:10C24000CDE9004542EA010443EA02050798401E91
:10C25000079007980028A6D10C9800F003000790DB
:10C260000EE038F8021B109830F8022B109011FBEA
:10C2700002F0041945EBE0750798A0F10100079062
:10C2800007980028EDD14FEAD43040EA454000F34A
:10C290000F010F9801800F9800F102000F900A988B
:10C2A000A0F101000A900A9800287FF472AF0C995F
:10C2B0000998084409900898A0F10100089008988E
:10C2C00000287FF461AF0690069817B0BDE8F08FA4
:10C2D0002DE9F74F88B003465F68D1F804C0D3F862
:10C2E0000480486807900A9840680690188805906E
:10C2F0004A8858880490002003900598029000BF57
:10C30000DDF80CA0069800EB8A091646D1F804C0A7
:10C3100000BF002425464746049801900DE057F8D9
:10C3200004ABDCF800008AFB00A01AEB04044541D2
:10C330000CEB820C0198401E019001980028EED170
:10C34000E00F40EA450049F8040B761EA2EB060A0E
:10C35000079800EB8A0C002EDBD103981044039061
:10C36000049808EB80080298401E0290029800286A
:10C37000C6D1009000980BB0BDE8F08F2DE9FF4FBB
:10C3800088B004466768D1F804C0D4F804804868CF
:10C3900007900A9840680690208804904D8860882D
:10C3A00003904FF000090498029000BF069800EB3C
:10C3B000890005902E46D1F804C000BF0022134624
:10C3C0004746039801900DE057F804ABDCF80000F5
:10C3D0008AFB00A01AEB020243410CEB850C01988A
:10C3E000401E019001980028EED1D00F40EA430092
:10C3F000DDF814A0CAF800000598001D0590761E0F
:10C40000A5EB060A079800EB8A0C002ED6D1A944AA
:10C41000039808EB80080298401E029002980028BA
:10C42000C4D1009000980CB0BDE8F08FF0B5024682
:10C4300053684C681788B2F802C007FB0CF6354603
:10C4400006E0F3EC010A60EE800AE4EC010A6D1EDE
:10C45000002DF6D10020F0BD2DE9F04704466568B7
:10C460005E68C2F10F08B4F80090B4F802A009FBAE
:10C470000AFC67460AE035F9029B09FB01F949FA13
:10C4800008F909F30F0926F8029B7F1E002FF2D14D
:10C490000020BDE8F0872DE9F04F04460D466668A0
:10C4A0005F6802F10108B4F800B0B4F802E00BFBD9
:10C4B0000EFAD44611E002CE81FB05EB594601FA93
:10C4C00008F949FA08FB8B4503D06FF0004B8BEA63
:10C4D000E17947F8049BACF1010CBCF1000FEAD103
:10C4E0000020BDE8F08F2DE9FF5F04460F4693461C
:10C4F000D4F80480D7F804A0DBF804902088618881
:10C50000A0FB0110CDE90210DDE9025618E0BAECFB
:10C51000022BB0EE420AF0EE620AB8EC022BB0EE4B
:10C52000421AF0EE621A53EC102B51EC110B07F08B
:10C53000EDF8C9E9000109F108096D1E66F1000670
:10C54000002185EA010071400843E0D10190019883
:10C5500004B0BDE8F09F2DE9F04303465C684D68E8
:10C560005668B3F80080B3F8029008FB09FC6746F0
:10C5700008E0B4EC010AF5EC010A30EE600AA6EC22
:10C58000010A7F1E002FF4D10020BDE8F0832DE9C1
:10C59000F04703465C684E685568B3F80080B3F80E
:10C5A000029008FB09FC67460AE034F9029B36F961
:10C5B00002ABD9FA1AF80FFA88F825F8028B7F1E19
:10C5C000002FF2D10020BDE8F0872DE9F0470346A7
:10C5D0005C684D685768B3F80080B3F8029008FBB8
:10C5E00009FC664608E054F8049B55F804AB8AFA47
:10C5F000A9F847F8048B761E002EF4D10020BDE880
:10C60000F0872DE9F04702465368D1F80480158879
:10C61000B2F802902E464FF0000C00BF08EB8C04DD
:10C620004F4606E0B3EC010A84ED000A04EB8504F2
:10C630007F1E002FF6D10CF1010C761E002EEDD1DD
:10C640000020BDE8F0872DE9734F83B00346D3F88F
:10C650000490CDF80890DDF81090D9F80490CDF84A
:10C660000490B3F800C0B3F80280002564460026A9
:10C6700000BFDDF8049009EBC609CDF80090002258
:10C68000414616E0DDF8089099ED000BDDF80090CA
:10C6900089ED000BDDF8089009F10809CDF8089044
:10C6A000DDF8009009EBCC09CDF80090491E62F14D
:10C6B00000024FF0000AD14681EA0A0A82EA09091B
:10C6C0005AEA090ADED1761C641E65F10005D146DE
:10C6D00084EA0A0A85EA09095AEA090AC9D1002046
:10C6E00005B0BDE8708F2DE9F043024655684E68ED
:10C6F0001388B2F802801F464FF0000C00BFD1F83B
:10C70000049009EB0C06444608E015F8019B86F8F6
:10C7100000901E44A4F101091FFA89F4002CF4D101
:10C720000CF101091FFA89FCA7F101091FFA89F729
:10C73000002FE4D10020BDE8F0832DE9F047024648
:10C740005368D1F804801588B2F802902E464FF055
:10C75000000C00BF08EB8C044F4606E053F804AB16
:10C76000C4F800A004EB85047F1E002FF6D10CF165
:10C77000010C761E002EEDD10020BDE8F0872DE9DA
:10C78000F74F81B005468C46B5F800A06988D5F80A
:10C7900004B04FEA9A070026039861E09FEDFE4A35
:10C7A000B0EE441A9FEDFC4AF0EE442A9FEDFA4A9F
:10C7B000B0EE443A9FEDF84AF0EE443A63468CB24C
:10C7C0000BEB860202EB810808EB810909EB810E75
:10C7D000CDF800E031E0B3EC010AB2EC014AF0EE32
:10C7E000440AB0EE414A00EE804AB0EE441AB8EC7A
:10C7F000014AF0EE440AB0EE624A00EE804AF0EEE2
:10C80000442AB9EC014AF0EE440AB0EE434A00EE85
:10C81000804AB0EE443ADDF800E0BEEC014AF0EEAA
:10C82000440ACDF800E0B0EE634A00EE804AF0EE34
:10C83000443AA4F1010E1FFA8EF4002CCBD1A0ECE7
:10C84000011AE0EC012AA0EC013AE0EC013A06EB17
:10C85000810E1FFA8EF6A7F1010E1FFA8EF700BFA8
:10C86000002F9BDC0AF0030745E0DFEDCB2AB0EE9A
:10C87000621A63460BEB8602C1F34F041BE0F3EC34
:10C88000012AB0EE620AB3EC012AF2EC012AF0EEC2
:10C89000620AF2EC011AF0EE412A40EE802AB0EE74
:10C8A000621AF0EE412A41EE822AB0EE621AA4F139
:10C8B000010E1FFA8EF4002CE1DC01F001040DE002
:10C8C000B2EC013AF3EC013AF0EE412A43EE232AAE
:10C8D000B0EE621AA4F1010E1FFA8EF4002CEFDC08
:10C8E000A0EC011A06EB010E1FFA8EF6A7F1010E5D
:10C8F0001FFA8EF700BF002FB7DCBDE8FF8F2DE9D0
:10C90000F74F90B0109D2D880F95109D6988109D50
:10C910006D680E950F9DAD080A954FF000081298AE
:10C9200078E000260696079604960596002502955F
:10C93000039500950195119B8CB20E9D05EB880225
:10C9400002EB81050D950D9D05EB81050C950C9D68
:10C9500005EB81050B9538E080CB52F804CB8CFBBE
:10C9600007A9DDE906561AEB050549EB0609CDE9ED
:10C9700006590D9D55F804CB0D958CFB07A9DDE9F3
:10C9800004561AEB050549EB0609CDE904590C9D3F
:10C9900055F804CB0C958CFB07A9DDE902561AEB80
:10C9A000050549EB0609CDE902590B9D55F804CB65
:10C9B0000B958CFB07A9DDE900561AEB050549EB41
:10C9C0000609CDE90059651EACB2002CC4D1DDE9E1
:10C9D00006654FEA450949EAD67520C0DDE90465D8
:10C9E0004FEA450949EAD67520C0DDE90256ED0F48
:10C9F00045EA460520C0DDE90056ED0F45EA46054B
:10CA000020C008EB81051FFA85F80A9D6D1EADB2A6
:10CA10000A9500BF0A9D002D83DC0F9D05F00305DC
:10CA20000A9550E04FF0000A55465646119BDDF836
:10CA3000389009EB8802C1F34F041CE080CB53F817
:10CA400004ABCDF820A052F804CB52F8049BCDF8EB
:10CA500024908CFB07A91AEB050549EB0606DDE9D6
:10CA600008A989FB0AA91AEB050549EB0606A4F1FA
:10CA700001091FFA89F4002CE0DC01F001040DE04B
:10CA800052F804AB53F804BB8AFB0BA91AEB05055B
:10CA900049EB0606A4F101091FFA89F4002CEFDC2A
:10CAA0004FEAD57949EA460940F8049B08EB0109A9
:10CAB0001FFA89F8DDF82890A9F101091FFA89F910
:10CAC000CDF8289000BF0A9D002DABDC13B0BDE867
:10CAD000F08F2DE9F74F94B0149D2D881295149D79
:10CAE0006988149D6E681196129DAD080C950025FD
:10CAF0000D95169A49E14FF000094D464E46CA463B
:10CB0000CDF820A0CDF824A0CDF818A0CDF81CA019
:10CB1000CDF810A0CDF814A0159FC1F34F0CDDF88F
:10CB20003490DDF8448008EB490404EB4108CDF86B
:10CB30004080DDF8408008EB4108CDF83C80DDF80E
:10CB40003C8008EB4108CDF83880A2E007F10409E9
:10CB50004F46A9F10408B8F802B0B8F900A06BF389
:10CB60001F4AD14600BF484604F104094C46A9F1CA
:10CB70000408B8F802B0B8F900A06BF31F4AD14618
:10CB800000BF4B46B046A946CA46C346C3FBC0AB2E
:10CB9000D146D84602E00000000000004FF0000A35
:10CBA000CDE90056CDE902304AEA09054BEA0A060A
:10CBB000DDF8409009F10409A9F10408CDF840908E
:10CBC000B8F802B0B8F900A06BF31F4AD14600BF15
:10CBD0004B46DDE908ABCDE900ABCDE90230C3FB44
:10CBE000C0ABD146D8464FF0000AD3464AEA090AFC
:10CBF00048EA0B0BCDE908ABDDF83C9009F10409DC
:10CC0000A9F10408CDF83C90B8F802B0B8F900A03A
:10CC10006BF31F4AD14600BF4B46DDE906ABCDE9B9
:10CC200000ABCDE90230C3FBC0ABD146D8464FF0D4
:10CC3000000AD3464AEA090A48EA0B0BCDE906ABDB
:10CC4000DDF8389009F10409A9F10408CDF838900D
:10CC5000B8F802B0B8F900A06BF31F4AD14600BF84
:10CC60004B46DDE904ABCDE900ABCDE90230C3FBB7
:10CC7000C0ABD146D8464FF0000AD3464AEA090A6B
:10CC800048EA0B0BCDE904ABACF101081FFA88F8B8
:10CC9000C446BCF1000F7FF459AF01F0010C01F064
:10CCA0000108B8F1000F39D037F9020B34F9029BB3
:10CCB00089FB008918EB050549EB0606DDF8408085
:10CCC00038F9029B89FB00ABCDF84080DDE908987C
:10CCD0001AEB09094BEB080BCDE9089BDDF83C800A
:10CCE00038F9029B89FB00EBCDF83C80DDE906A911
:10CCF0001EEB0A0A4BEB090BCDE906ABDDF83880D9
:10CD000038F9029B89FB00EBCDF83880DDE904A8F7
:10CD10001EEB0A0A4BEB0809CDE904A94FEAD53806
:10CD200048EA464808F30F0822F8028BDDE9088933
:10CD30004FEAD83848EA494808F30F0822F8028B2E
:10CD4000DDE906984FEA484A4AEAD93808F30F085D
:10CD500022F8028BDDE904984FEA484A4AEAD938BA
:10CD600008F30F0822F8028BDDF8348008EB810805
:10CD70001FFA88F8CDF83480DDF83080A8F101087A
:10CD80001FFA88F8CDF8308000BF0C9D002D3FF7CA
:10CD9000B2AE129D05F003050C95AAE04FF0000815
:10CDA00045464646159FDDF83490DDF8448008EB93
:10CDB0004904C1F38F08C4466CE007F104094F46EB
:10CDC000A9F10408B8F802B0B8F900A06BF31F4A43
:10CDD000D14600BF484607F104094F46A9F10408AF
:10CDE000B8F802B0B8F900A06BF31F4AD14600BFF3
:10CDF000CDF8289004F104094C46A9F10408B8F8CC
:10CE000002B0B8F900A06BF31F4AD14600BF4B46F1
:10CE100004F104094C46A9F10408B8F802B0B8F9C5
:10CE200000A06BF31F4AD14600BFCDF82C90B0464E
:10CE3000A946CA46C346C3FBC0ABD146D8464FF04D
:10CE4000000ACDE90656CDE908304AEA09054BEA61
:10CE50000A06B046CDE90456DDF82C90CDF82090B6
:10CE6000DDF82890AB46C646CDF82490DDE9089A57
:10CE7000C9FBCABEF0464FF0000AD946CDF81CB037
:10CE8000D3464AEA09054EEA0B06ACF101081FFA3F
:10CE900088F8C446BCF1000F8FDC01F0030C0DE0F4
:10CEA00034F9029B37F902AB89FB0A8918EB0505B7
:10CEB00049EB0606ACF101081FFA88FCBCF1000F33
:10CEC000EEDC4FEAD53848EA464808F30F0822F866
:10CED000028BDDF8348088441FFA88F8CDF834805E
:10CEE000DDF83080A8F101081FFA88F8CDF830800D
:10CEF00000BF0C9D002D3FF751AF17B0BDE8F08F7C
:10CF00002DE9F74F8AB0DDF82880B8F80080CDF819
:10CF10002480DDF82880B8F80220DDF82880D8F8D1
:10CF20000480CDF82080DDF824804FEA9808CDF801
:10CF30000C804FF00008CDF810800C9B33E14FF0CF
:10CF40000009CA46C846CDF80880CDF804800B9E7B
:10CF50009408DDF810B0DDF8208008EB0B0505EB38
:10CF60000208CDF81C80DDF81C809044CDF81880B4
:10CF7000DDF818809044CDF81480C4E006F1040B6D
:10CF80005E46ABF1040898F803B04FEA0B6B98F8D3
:10CF900002E04BEA0E4B98F801E04BEA0E2B98F8B2
:10CFA00000E04BEA0E0BCDF800B0DDF800B05946BA
:10CFB0002FFA91F72FFA81F8414605F1040B5D46EF
:10CFC000ABF1040898F803B04FEA0B6B98F802E055
:10CFD0004BEA0E4B98F801E04BEA0E2B98F800E074
:10CFE0004BEA0E0BCDF800B0DDF800B058462FFA32
:10CFF00090FC2FFA80F020FB01992CFB0798C1468A
:10D00000DDF81CB00BF1040BABF10408CDF81CB03B
:10D0100098F803B04FEA0B6B98F802E04BEA0E4B1E
:10D0200098F801E04BEA0E2B98F800E04BEA0E0B63
:10D03000CDF800B0DDF800B058462FFA90FC2FFA7A
:10D0400080F020FB01AA2CFB07A8C246DDF818B02F
:10D050000BF1040BABF10408CDF818B098F803B04D
:10D060004FEA0B6B98F802E04BEA0E4B98F801E0A0
:10D070004BEA0E2B98F800E04BEA0E0BCDF800B00F
:10D08000DDF800B058462FFA90FC2FFA80F0DDF85A
:10D09000088020FB0188CDF80880DDF808802CFB93
:10D0A0000788CDF80880DDF814B00BF1040BABF164
:10D0B0000408CDF814B098F803B04FEA0B6B98F859
:10D0C00002E04BEA0E4B98F801E04BEA0E2B98F881
:10D0D00000E04BEA0E0BCDF800B0DDF800B058468A
:10D0E0002FFA90FC2FFA80F0DDF8048020FB0188F5
:10D0F000CDF80480DDF804802CFB0788CDF804808F
:10D10000A4F101084446002C7FF438AF02F0030478
:10D1100026E016F9011B15F901BB1BFB0199DDF88F
:10D120001C8018F901BB1BFB01AACDF81C80DDF89F
:10D13000188018F901BBCDF81880DDF808801BFBBA
:10D140000188CDF80880DDF8148018F901BBCDF80E
:10D150001480DDF804801BFB0188CDF80480641E78
:10D16000002CD6D129F3C71803F8018B2AF3C7186E
:10D1700003F8018BDDF8088028F3C71803F8018B4A
:10D18000DDF8048028F3C71803F8018BDDF8108060
:10D1900008EB8208CDF81080DDF80C80A8F10108BA
:10D1A000CDF80C8000BFDDF80C80B8F1000F7FF4E3
:10D1B000C6AEDDF8248008F00308CDF80C8068E0E6
:10D1C0004FF000090B9EDDF810A0DDF8208008EB81
:10D1D0000A054FEA920844463DE006F1040A564625
:10D1E000AAF1040898F803B04FEA0B6B98F802E034
:10D1F0004BEA0E4B98F801E04BEA0E2B98F800E052
:10D200004BEA0E0A00BF51462FFA91F72FFA81F828
:10D21000414605F1040A5546AAF1040898F803B0FE
:10D220004FEA0B6B98F802E04BEA0E4B98F801E0DE
:10D230004BEA0E2B98F800E04BEA0E0A00BF50466E
:10D240002FFA90FC2FFA80F020FB01992CFB079914
:10D25000A4F101084446002CBFD102F0030406E00B
:10D2600015F901AB16F901BB1AFB0B99641E002CD2
:10D27000F6D129F3C71803F8018BDDF8108090442C
:10D28000CDF81080DDF80C80A8F10108CDF80C80F5
:10D2900000BFDDF80C80B8F1000F91D10DB0BDE8F2
:10D2A000F08F2DE9F04702460C465168D4F804800F
:10D2B0001588B2F802900027AC4600BF08EBC70300
:10D2C0004E460DE0B1EC010A83ED000AB1EC010A13
:10D2D00083ED010A03EBC503A6F1010A1FFA8AF6E2
:10D2E000002EEFD107F1010A1FFA8AF7ACF1010A0B
:10D2F0001FFA8AFCBCF1000FE0D10020BDE8F087E6
:10D300002DE9F04702460C465168D4F80480158890
:10D31000B2F802900027AC4600BF08EBC7034E46A8
:10D320000DE051F804ABC3F800A051F804ABC3F80A
:10D3300004A003EBC503A6F1010A1FFA8AF6002E2A
:10D34000EFD107F1010A1FFA8AF7ACF1010A1FFABF
:10D350008AFCBCF1000FE0D10020BDE8F0872DE988
:10D36000F04702460B4651685C681588B2F80280A7
:10D370002F464FF0000C00BFD3F8049009EB8C044B
:10D3800046460DE031F8029BA4F8009031F8029B6C
:10D39000A4F8029004EB8504A6F101091FFA89F6AE
:10D3A000002EEFD10CF101091FFA89FCA7F1010948
:10D3B0001FFA89F7002FDFD10020BDE8F0872DE9A3
:10D3C000F04F2DED048B85B083468846BBF80050A6
:10D3D000DBF804000390D8F804700024A7E0264688
:10D3E00045E006FB0541039800EBC10090ED000B02
:10D3F00006FB054007EBC00080ED000B4FF0000A74
:10D4000032E006FB05A007EBC00090ED002BB0EE6C
:10D41000420AF0EE620A04FB05A007EBC00090EDA3
:10D42000002BB0EE421AF0EE621A53EC102B51ECC6
:10D43000110B05F0B7FE41EC190B06FB054007EB9D
:10D44000C00090ED001BB0EE410AF0EE610A53EC13
:10D45000102B51EC190B06F081F806FB054207EB87
:10D46000C20203C20AF1010AA245CADB761CAE421F
:10D47000B7DB04FB054007EBC00090ED001BB0EEEE
:10D48000410AF0EE610A9FEDFE1B53EC112B51ECAB
:10D49000100B05F04BFE06D86FF0060005B0BDEC92
:10D4A000048BBDE8F08F04FB054007EBC00090ED56
:10D4B000001BB0EE410AF0EE610A04F04DFEB0EE42
:10D4C000409AF0EE609A53EC192B9FEDEF0B51EC64
:10D4D000100B05F03DFC41EC180BD8F80490B8F89F
:10D4E00002000190B8F80000001B0090019800FBBA
:10D4F000044009EBC0090020029013E099ED001BE5
:10D50000B0EE410AF0EE610A53EC182B51EC100B0F
:10D5100005F048FEC9E90001019809EBC00902982D
:10D52000401C0290009902988842E7DB641CAC42E0
:10D53000FFF655AF002004900498AFE72DE9F04FB7
:10D540002DED028B81B082468846BAF80050DAF899
:10D5500004000090D8F8047000246CE026462EE009
:10D5600006FB0541009800EB810090ED000A06FBE8
:10D57000054007EB800080ED000A4FF000091BE03A
:10D5800006FB054007EB800090ED000A04FB0590C8
:10D5900007EB8000D0ED000A06FB059007EB80004A
:10D5A00090ED001A00EEC10A06FB054007EB800073
:10D5B00080ED000A09F10109A145E1DB761CAE42CC
:10D5C000CEDB04FB054007EB800090ED000AB5EED2
:10D5D000C00AF1EE10FA06D86FF0060001B0BDECFB
:10D5E000028BBDE8F08F04FB054007EB8000D0ED17
:10D5F000000AB0EE600A04F0ECFDF7EE000A80EEDF
:10D60000808AD8F80400B8F80220B8F800C0ACEB63
:10D61000040302FB044C00EB8C00002108E090EDB9
:10D62000000A20EE080A80ED000A00EB8200491C87
:10D630009942F4DB641CAC4290DB4FF0000B58467F
:10D64000CCE72DE9F84F844688461346D3F804A06A
:10D65000DCF804E0D8F8040000901F885D88002200
:10D6600044E0009800EB820B791E3CE001FB05F0E2
:10D670000BEB8000D0ED000AB0EE600A07FB01F072
:10D680000EEB80067C1E10E006EB840090ED001A85
:10D6900005FB04200AEB8000D0ED001AF0EE400AF2
:10D6A00041EE610AB0EE600A641E8C42ECDC06EBCF
:10D6B0008100D0ED000AF5EEC00AF1EE10FA03D1B8
:10D6C0006FF00400BDE8F88F06EB8100D0ED000A92
:10D6D00080EE201AB0EE410A01FB05200AEB800023
:10D6E00080ED000A491E0029C0DA521CAA42B8DBAC
:10D6F0004FF000094846E5E72DE9F84F07468C460C
:10D700001346D3F804A0D7F804E0DCF80400009036
:10D71000B3F800905D88002244E0009800EB820B93
:10D7200000213CE001FB05F00BEB8000D0ED000A8E
:10D73000B0EE600A09FB01F00EEB8006002410E059
:10D7400006EB840090ED001A05FB04200AEB800034
:10D75000D0ED001AF0EE400A41EE610AB0EE600A28
:10D76000641C8C42ECDB06EB8100D0ED000AF5EE88
:10D77000C00AF1EE10FA03D16FF00400BDE8F88F93
:10D7800006EB8100D0ED000A80EE201AB0EE410ACF
:10D7900001FB05200AEB800080ED000A491C494589
:10D7A000C0DB521CAA42B8DB4FF000084046E5E758
:10D7B0002DE9F74F2DED048B86B083461646706831
:10D7C0000490DBF8040003900B9840680290B6F8D0
:10D7D00000A0B6F80280002579E0029800EBC500B1
:10D7E0000190AAF101046FE004FB08F0019901EB3C
:10D7F000C00090ED000BB0EE408AF0EE608A0AFBAC
:10D8000004F0039901EBC009AAF1010721E008FB2C
:10D810000751049800EBC10090ED002BB0EE420AD6
:10D82000F0EE620A09EBC70090ED002BB0EE421A51
:10D83000F0EE621A53EC102B51EC110B05F0B2FC18
:10D8400041EC190B53EC182B05F088FE41EC180B3A
:10D850007F1EA742DBDC09EBC40090ED001BB0EE9D
:10D86000410AF0EE610A9FED061B53EC112B51ECBF
:10D87000100B05F0C5FB0FD16FF0040006B007E0F8
:10D880000000000000000000000000000000F03F69
:10D89000BDEC048BBDE8FE8F09EBC40090ED001BCE
:10D8A000B0EE410AF0EE610A53EC102B51EC180B6C
:10D8B00005F04EFA41EC180B04FB0851049800EBFC
:10D8C000C10080ED008B641E002C8DDA6D1C454577
:10D8D00083DB002005900598D0E72DE9F74F2DED6B
:10D8E000048B86B08346164670680490DBF804000B
:10D8F00003900B9840680290B6F800A0B6F802803A
:10D9000000256EE0029800EBC5000190002465E060
:10D9100004FB08F0019901EBC00090ED000BB0EEA4
:10D92000408AF0EE608A0AFB04F0039901EBC0091B
:10D93000002721E008FB0751049800EBC10090ED9F
:10D94000002BB0EE420AF0EE620A09EBC70090ED40
:10D95000002BB0EE421AF0EE621A53EC102B51EC91
:10D96000110B05F01FFC41EC190B53EC182B05F0C3
:10D97000F5FD41EC180B7F1CA742DBDB09EBC40073
:10D9800090ED001BB0EE410AF0EE610A1FED441B62
:10D9900053EC112B51EC100B05F032FB06D16FF05C
:10D9A000040006B0BDEC048BBDE8FE8F09EBC4009B
:10D9B00090ED001BB0EE410AF0EE610A53EC102B23
:10D9C00051EC180B05F0C4F941EC180B04FB08519D
:10D9D000049800EBC10080ED008B641C544597DB7C
:10D9E0006D1C45458EDB002005900598D9E72DE993
:10D9F000FF4F85B082460E46BAF8004001200390E2
:10DA0000A20002FB04F1079A506802F01CFA04FB22
:10DA100004F39A00DAF80410706802F0E2F977680B
:10DA2000002503E0089820F815506D1CA542F9DB8D
:10DA30000025B7E0DFEDFE0AB0EE601A2946284661
:10DA400014E000FB040207EB8202D2ED000AF4EEC0
:10DA5000C10AF1EE10FA08DD00FB040207EB8202B6
:10DA6000D2ED000AB0EE601A0146401CA042E8DB8D
:10DA7000A94246D073687268B6F802C0E34605FB57
:10DA80000CFE03EB8E0301FB0CFE02EB8E024FF04B
:10DA9000000ECDF804E00DE0D3ED000AD2ED001A3F
:10DAA000E3EC011AE2EC010ADDF804E00EF1010EEC
:10DAB000CDF804E0DDF804E0DE45EDDBD6F804C087
:10DAC000738800221AE002FB035B0CEB8B0BDBED8F
:10DAD000001AF0EE610A02FB031B0CEB8B0BDBED73
:10DAE000001A02FB035B0CEB8B0BCBED001A02FB65
:10DAF000031B0CEB8B0BCBED000A521C9A42E2DBB2
:10DB000000BF089A22F8151005FB045207EB8202A9
:10DB100092ED000AF0EEC00ADFEDC61AF4EEE10A5B
:10DB2000F1EE10FA02D2002203923EE06A1C23E0DA
:10DB30006B1C1EE002FB045C07EB8C0CDCED000AA6
:10DB400003FB045C07EB8C0CDCED001A60EEA10A11
:10DB5000C0EE801A02FB043C07EB8C0CDCED000AE3
:10DB600070EEE10A02FB043C07EB8C0CCCED000AE2
:10DB70005B1CA342DEDB521CA242D9DB6A1C0EE016
:10DB800002FB045307EB8303D3ED000AC0EE801AB7
:10DB900002FB045307EB8303C3ED001A521CA2429D
:10DBA000EEDB6D1CA542FFF645AF00BF0295039862
:10DBB000B8B90298401E02904FF000090FE02846C5
:10DBC00009E09FED9D0A09FB0402716801EB8201E7
:10DBD00081ED000A401CA042F3DB09F10109A145D7
:10DBE000EDDB4FF0000910E009F1010009E09FEDC5
:10DBF000920A09FB0402716801EB820181ED000ABF
:10DC0000401CA042F3DB09F10109A145ECDB4FF018
:10DC1000000819E008FB0481706800EB810090EDBA
:10DC2000000A0798406808FB048100EB810080ED42
:10DC3000000AB7EE000A08FB0481706800EB81005F
:10DC400080ED000A08F1010802988045E2DB00201F
:10DC50000490049809B0BDE8F08F2DE9FF4F2DED39
:10DC6000088B83B00E460B98048801200190E200D7
:10DC700002FB04F10D9A506802F0E5F804FB04F38E
:10DC8000DA000B9B5968706802F0ABF877680025E2
:10DC900003E00E9820F815506D1CA542F9DB002515
:10DCA00000E19FED660BB0EE409AF0EE609AA94657
:10DCB000A8461DE008FB048007EBC00090ED001BA8
:10DCC000B0EE410AF0EE610A53EC192B51EC100B47
:10DCD00005F00EFC0AD208FB048007EBC00090EDB3
:10DCE000000BB0EE409AF0EE609AC14608F10108D0
:10DCF000A045DFDBA94540D0706871687288944602
:10DD000005FB02FA00EBCA0009FB02FA01EBCA01AB
:10DD100000230CE090ED001BB0EE410AF0EE610A2A
:10DD200091ED001BA0EC021BA1EC020B5B1C6345F8
:10DD3000F0DB7268718800201CE000FB015302EBED
:10DD4000C30393ED001BB0EE410AF0EE610A00FB45
:10DD5000019302EBC30393ED001B00FB015302EBA5
:10DD6000C30383ED001B00FB019302EBC30383EDB0
:10DD7000000B401C8842E0DB00BF0E9820F8159095
:10DD800005FB045007EBC00090ED000BB0EE408A9D
:10DD9000F0EE608AB0EE480AF0EE680A03F0C4FACA
:10DDA000B0EE40AAF0EE60AA9FED260B53EC102BCC
:10DDB00051EC1A0B05F0BAF902D20020019074E080
:10DDC00005F1010B4FE005F1010A48E00AFB0450A0
:10DDD00007EBC00090ED002BB0EE420AF0EE620AB5
:10DDE0000BFB045007EBC00090ED002BB0EE421A85
:10DDF000F0EE621A53EC102B51EC110B05F0D2F936
:10DE000041EC1B0B53EC182B04F0A2FF41EC1A0B56
:10DE10000BFB04A007EBC00090ED001BB0EE410A25
:10DE2000F0EE610A53EC102B51EC1A0B0EE00000DF
:10DE3000FFFF7FFF77CC2B3200000000FFFFFFFFCA
:10DE4000FFFFEFFFAC43D2D15D72323C05F086FBA1
:10DE50000BFB04A207EBC20203C20AF1010AA245AE
:10DE6000B4DB0BF1010BA345ADDB05F1010A16E0B4
:10DE70000AFB045007EBC00090ED001BB0EE410A16
:10DE8000F0EE610A53EC182B51EC100B04F060FF1C
:10DE90000AFB045207EBC20203C20AF1010AA245BF
:10DEA000E6DB6D1CA542FFF6FCAE00BF00950198B5
:10DEB000B0B90098401E009000200EE0294609E00D
:10DEC0009FEDFA0B00FB0413726802EBC30282EDB4
:10DED000000B491CA142F3DB401CA042EEDB00BF5B
:10DEE00000200EE0411C09E09FEDF00B00FB041345
:10DEF000726802EBC30282ED000B491CA142F3DB06
:10DF0000401CA042EEDB002018E000FB0402716818
:10DF100001EBC20191ED000B0D99496800FB040271
:10DF200001EBC20181ED000B9FEDE20B00FB04024F
:10DF3000716801EBC20181ED000B401C0099884221
:10DF4000E3DB00200290029803B0BDEC088B04B024
:10DF5000BDE8F08FF0B52DED068B83B00546B0EE31
:10DF6000409A0E461446B0EE49AA95ED000AB0EE6E
:10DF7000408A012708E005EB870090ED000A04EBDA
:10DF8000870080ED000A7F1CB742F4D3B7EE000A89
:10DF900084ED000A721E02AB291D281DFCF74CF807
:10DFA0009DED020AB4EECA0AF1EE10FA06D85FED52
:10DFB0005E8AB100204601F046FF3CE09DED020A7A
:10DFC00008EE080A8DED010A9DED010AB5EEC00AC2
:10DFD000F1EE10FA04DBF1EEC00ACDED010A04E027
:10DFE0005FED6B0ACDED010A00BFB5EEC08AF1EE20
:10DFF00010FA05DD9DED010AB1EE400A8DED010A32
:10E000009DED010A38EE400AF7EE000AC0EE809A54
:10E0100032462146B0EE690A2046FCF703FAB7EE15
:10E02000000A84ED000A9DED010A30EE480ADDED9C
:10E03000010AC0EE208AB0EE680A03B0BDEC068B80
:10E04000F0BD2DE9FF4F2DED020B2DED028B8DB0B4
:10E050000646F0EE408A8A461446002730887188CA
:10E06000884206DAF81E0DB0BDEC028B06B0BDE8A2
:10E07000F08F7388B6F800C003FB0CF39A00716848
:10E08000DAF8040001F0ADFE7088AAF802003088CA
:10E09000AAF80000DAF804000A9014980B90002700
:10E0A00051E11E99BAF802307B43DAF804C00CEB58
:10E0B000830303EB8702384608E092ED000AA1ECE7
:10E0C000010ABAF8023002EB8302401CBAF80030B1
:10E0D0008342F2D83088C11BB0EE680A1E9A1046FF
:10E0E000FFF738FFB0EE408A0B9880ED008A0B985E
:10E0F000001D0B90DDF87CB0DDF878900A9D0020C3
:10E1000007900AE0B5EC010AD9ED000A20EE200ADA
:10E11000ABEC010A0798401C07907088C11B079858
:10E120008142EFDC05EB870509F10409DDF87CB0DD
:10E1300004957088049D05EB800003907188039816
:10E1400000EB810002907188029800EB8100019041
:10E150003088C01B401E80100590012006906BE0A7
:10E160000020079038E0DBED000AB0EE600A04986A
:10E17000B0EC011A0490D9ED001AF0EE400A41EE1D
:10E18000810AB0EE600A0398B0EC011A0390D9ED51
:10E19000011AF0EE400A41EE810AB0EE600A0298E0
:10E1A000B0EC011A0290D9ED021AF0EE400A41EEED
:10E1B000810AB0EE600A0198B0EC011A0190D9ED25
:10E1C000031AF0EE400A41EE810AB0EE600AABECB1
:10E1D000010A0798401C07907088C11B079881426C
:10E1E000C1DC7088032101FB0071049800EB810001
:10E1F00004907088032101FB0071039800EB8100FB
:10E2000003907088032101FB0071029800EB8100EC
:10E2100002907088032101FB0071019800EB8100DE
:10E22000019009F11009DDF87CB00698001D0690F8
:10E230000598401E059000BF0598002890DC049DBD
:10E240001DE0002007900CE0F5EC010A9BED000AB0
:10E2500099ED001A01EE200AABEC010A0798401C68
:10E2600007907088C11B07988142EDDC05EB87059C
:10E2700009F10409DDF87CB00698401C069030884E
:10E28000C11B06988142DCDC0A9D002007902FE02C
:10E2900007991E9800EB8100D0ED000A60EE880A15
:10E2A000B0EE600A0020089018E0000000000000B6
:10E2B00000000000000000000000F03FD5ED000A63
:10E2C00008991F9800EB810090ED001A40EE410A7A
:10E2D000C5ED000A2D1D0898401C08907088C11BD0
:10E2E00008988142EADC05EB87050798401C0790F7
:10E2F0003088C11B07988142CADCBAF802100A981C
:10E3000000EB8105002006900FE00698401C1E9946
:10E3100001EB800090ED000A85ED000ABAF80200DA
:10E3200005EB80050698401C06903088C01B401EF7
:10E3300006998842E9DCBAF80200401C0A9901EB10
:10E3400080000A907F1C7088B8423FF7AAAE002C6C
:10E3500077D022889200238802FB03F1606801F0E5
:10E3600072FD6568002708E0B7EE000A85ED000A37
:10E370006088401C05EB80057F1C6088B842F3DC98
:10E3800020886188401A401C0C906188149800EB2A
:10E390008100001F0B90002768E1B6F800E0DDF86F
:10E3A00030C0AEEB0C08D4F804C00CEB880EB4F807
:10E3B00002C00CFB08FC0EEB8C0CCDF828C0DDF87D
:10E3C00078C0CDF80CC0BAF802C00CFB08FCDAF833
:10E3D00004E00EEB8C0C0CEB880CCDF808C0CDF8EB
:10E3E00010801BE0DDF808C09CED000ADDF80CC0D1
:10E3F0008CED000ADDF80CC00CF1040CCDF80CC05B
:10E40000BAF802E0DDF808C00CEB8E0CCDF808C0BD
:10E41000DDF810C00CF1010CCDF810C0BAF800E026
:10E42000DDF810C0E645DDD8B7EE000ADDF878C0AB
:10E430008CED000ADDF87CB0DDF878900A9D0020B4
:10E4400009E017E1B5EC010AD9ED000A20EE200A37
:10E45000ABEC010A401CB4F800C0ACEB080C8445DE
:10E46000F0DC05EB880509F10409DDF87CB02946EC
:10E47000B4F800C001EB8C02B4F800C002EB8C03CE
:10E48000B4F800C003EB8C0CCDF814C0B4F800C095
:10E49000ACEB080CACF1010C4FEAAC0CCDF818C099
:10E4A0004FF0010CCDF81CC069E0002032E0DBED3C
:10E4B000000AB0EE600AB1EC011AD9ED001AF0EED4
:10E4C000400A41EE810AB0EE600AB2EC011AD9EDC1
:10E4D000011AF0EE400A41EE810AB0EE600AB3EC98
:10E4E000011AD9ED021AF0EE400A41EE810AB0EEAF
:10E4F000600ADDF814C0BCEC011ACDF814C0D9EDE7
:10E50000031AF0EE400A41EE810AB0EE600AABEC6D
:10E51000010A401CB4F800C0ACEB080C8445C6DC12
:10E52000B4F800C04FF0030E0EFB0C8C01EB8C0115
:10E53000B4F800C00EFB0C8C02EB8C02B4F800C0E7
:10E540000EFB0C8C03EB8C03B4F800C00EFB0C8E9E
:10E55000DDF814C00CEB8E0CCDF814C009F11009D5
:10E56000DDF87CB0DDF81CC00CF1040CCDF81CC04B
:10E57000DDF818C0ACF1010CCDF818C000BFDDF813
:10E5800018C0BCF1000F90DC0D461EE000200AE030
:10E59000F5EC010A9BED000A99ED001A01EE200A44
:10E5A000ABEC010A401CB4F800C0ACEB080C84458D
:10E5B000EEDC05EB880509F10409DDF87CB0DDF837
:10E5C0001CC00CF1010CCDF81CC0B4F800C0ACEBC1
:10E5D000080EDDF81CC0E645D8DC0A9DDDF82CC02D
:10E5E0009CED000AB0EE408AACF1040CCDF82CC0D2
:10E5F00000202EE0DDF878C00CEB800CDCED000A8A
:10E6000060EE880AB0EE600A4FF0000CCDF820C032
:10E6100014E0D5ED000ADDF820E0DDF87CC00CEB5D
:10E620008E0C9CED001A40EE410AC5ED000A2D1D2E
:10E63000DDF820C00CF1010CCDF820C0B4F802C008
:10E64000ACEB080EDDF820C0E645E2DC05EB880502
:10E65000401CB4F800C0ACEB080C8445CADCDDF803
:10E6600030C00CF1010CCDF830C07F1C6088B8427E
:10E670003FF793AE002009900998F4E4F0B52DED32
:10E680000E8B83B00546B0EE40BAF0EE60BA0E468F
:10E690001446B0EE4BCAF0EE6BCA95ED000BB0EE2F
:10E6A000409AF0EE609A012708E005EBC70090ED74
:10E6B000000B04EBC70080ED000B7F1CB742F4D3C6
:10E6C0009FEDFE0B84ED000B721E6B4605F10801F9
:10E6D0000846FBF7C8FC53EC1C2B9DED000B51ECDE
:10E6E000100B04F023FD06D89FEDF6ABF100204699
:10E6F00001F0A9FB55E053EC192B51EC190B04F078
:10E7000051FD41EC1E0B9DED000B53EC102B04F062
:10E7100063FA41EC180BB0EE480AF0EE680A03F019
:10E720001BFDB0EE408AF0EE608A9FEDE60B53ECE5
:10E73000102B51EC190B04F0DBFE05D251EC180B39
:10E7400004F00CFA41EC180B53EC182B51EC190B9C
:10E7500004F0DCFF41EC1E0B53EC1E2B9FEDD70B9E
:10E7600051EC100B04F0F4FA41EC1D0B324621463B
:10E77000B0EE4D0AF0EE6D0A2046FBF760FE9FED0D
:10E78000CF0B84ED000B53EC192B51EC180B04F05C
:10E79000BDFF41EC1E0B53EC182B04F0D9FA41ECF1
:10E7A0001A0BB0EE4A0AF0EE6A0A03B0BDEC0E8B0B
:10E7B000F0BD2DE9FF5F2DED020B2DED088B8CB028
:10E7C0000646B0EE40AAF0EE60AA8A46144600273C
:10E7D00030887188884206DAF81E0CB0BDEC088BD0
:10E7E00006B0BDE8F09F7388B6F800C003FB0CF3D9
:10E7F000DA007168DAF8040001F0F3FA7088AAF818
:10E8000002003088AAF80000DAF80400099019988C
:10E810000A900027D6E12499BAF802307B43DAF84F
:10E8200004C00CEBC30303EBC702384608E092EDCB
:10E83000000BA1EC020BBAF8023002EBC302401C41
:10E84000BAF800308342F2D83088C11BB0EE4A0AD1
:10E85000F0EE6A0A249A1046FFF710FFB0EE409AD5
:10E86000F0EE609A0A9880ED009B0A9808300A90B2
:10E87000DDF894B0DDF89090099D0020069018E036
:10E88000B5EC022BB0EE420AF0EE620A99ED002BD5
:10E89000B0EE421AF0EE621A53EC102B51EC110B51
:10E8A00004F080FCCBE900010BF1080B0698401C3A
:10E8B00006907088C11B06988142E1DC05EBC70514
:10E8C00009F10809DDF894B003957088039D05EB04
:10E8D000C00002907188029800EBC100019071881D
:10E8E000019800EBC10000903088C01B401E8010D2
:10E8F000049001200590ABE0002006907AE09BEDAB
:10E90000000BB0EE408AF0EE608A0398B0EC022B68
:10E91000B0EE420AF0EE620A039099ED002BB0EEE1
:10E92000421AF0EE621A53EC102B51EC110B04F06A
:10E9300039FC41EC1B0B53EC182B04F04DF941EC66
:10E94000180B0298B0EC022BB0EE420AF0EE620A0D
:10E95000029099ED022BB0EE421AF0EE621A53ECDF
:10E96000102B51EC110B04F01DFC41EC1B0B53EC74
:10E97000182B04F031F941EC180B0198B0EC022B84
:10E98000B0EE420AF0EE620A019099ED042BB0EE6F
:10E99000421AF0EE621A53EC102B51EC110B04F0FA
:10E9A00001FC41EC1B0B53EC182B04F015F941EC66
:10E9B000180B0098B0EC022BB0EE420AF0EE620A9F
:10E9C000009099ED062BB0EE421AF0EE621A53EC6D
:10E9D000102B51EC110B04F0E5FB41EC1B0B53EC3D
:10E9E000182B04F0F9F841EC180BABEC028B0698ED
:10E9F000401C06907088C11B069881423FF77FAF8C
:10EA00007188032202FB0171039800EBC10003909F
:10EA1000718802FB0171029800EBC10002907188BD
:10EA200002FB0171019800EBC1000190718802FBAB
:10EA30000171009800EBC100009009F12009DDF898
:10EA400094B00598001D05900498401E049000BFE6
:10EA5000049800283FF750AF039D3EE00020069049
:10EA600024E0B5EC022BB0EE420AF0EE620A99ED1A
:10EA7000002BB0EE421AF0EE621A53EC102B51EC60
:10EA8000110B04F08FFB41EC180B9BED001BB0EE5B
:10EA9000410AF0EE610A53EC102B04F09DF8CBE92B
:10EAA00000010BF1080B0698401C06907088C11BF2
:10EAB00006988142D5DC05EBC70507E000000000A1
:10EAC0000000F03F000000000000000009F108090C
:10EAD000DDF894B00598401C05903088C11B05985E
:10EAE0008142BBDC099D0020069040E006992498F5
:10EAF00000EBC10090ED001BB0EE410AF0EE610AA0
:10EB000053EC102B51EC190B04F04CFB41EC180B9F
:10EB10000020079021E00799259800EBC10090EDB7
:10EB2000001BB0EE410AF0EE610A53EC102B51ECE1
:10EB3000180B04F037FB41EC1B0B95ED001BB0EEFE
:10EB4000410AF0EE610A53EC102B04F007FDC5E911
:10EB5000000108350798401C07907088C11B079872
:10EB60008142D8DC05EBC7050698401C069030882A
:10EB7000C11B06988142B9DCBAF80210099800EB73
:10EB8000C105002005900FE00598401C249901EB79
:10EB9000C00090ED000B85ED000BBAF8020005EB0C
:10EBA000C0050598401C05903088C01B401E059983
:10EBB0008842E9DCBAF80210491C099800EBC10050
:10EBC00009907F1C7088B8423FF725AE002C7DD09D
:10EBD0002288D200238802FB03F1606801F033F938
:10EBE0006568002708E01FED4B0B85ED000B608882
:10EBF000401C05EBC0057F1C6088B842F3DC208810
:10EC00006188401A401C0B906188199800EBC10084
:10EC100008380A900027BCE131880B98A1EB000866
:10EC2000606800EBC801608800FB08F001EBC000E1
:10EC300009902499BAF8023003FB08F3DAF804C00B
:10EC40000CEBC30303EBC802404608E092ED000B57
:10EC5000A1EC020BBAF8023002EBC302401CBAF876
:10EC600000308342F2D81FED6B0B249880ED000B2F
:10EC7000DDF894B0DDF89090099D0020069018E032
:10EC8000B5EC022BB0EE420AF0EE620A99ED002BD1
:10EC9000B0EE421AF0EE621A53EC102B51EC110B4D
:10ECA00004F080FACBE900010BF1080B0698401C38
:10ECB00006902088A0EB080106988142E0DC05EB75
:10ECC000C80509F10809DDF894B000E065E1039595
:10ECD0002088039D05EBC00002902188029800EB7C
:10ECE000C10001902188019800EBC10000902088AC
:10ECF000A0EB0800401E8010049001200590ACE0BD
:10ED0000002006907AE09BED000BB0EE408AF0EE1A
:10ED1000608A0398B0EC022BB0EE420AF0EE620A71
:10ED2000039099ED002BB0EE421AF0EE621A53EC0C
:10ED3000102B51EC110B04F035FA41EC1B0B53EC8A
:10ED4000182B03F049FF41EC180B0298B0EC022B92
:10ED5000B0EE420AF0EE620A029099ED022BB0EE9C
:10ED6000421AF0EE621A53EC102B51EC110B04F026
:10ED700019FA41EC1B0B53EC182B03F02DFF41EC5F
:10ED8000180B0198B0EC022BB0EE420AF0EE620ACA
:10ED9000019099ED042BB0EE421AF0EE621A53EC9A
:10EDA000102B51EC110B04F0FDF941EC1B0B53EC53
:10EDB000182B03F011FF41EC180B0098B0EC022B5C
:10EDC000B0EE420AF0EE620A009099ED062BB0EE2A
:10EDD000421AF0EE621A53EC102B51EC110B04F0B6
:10EDE000E1F941EC1B0B53EC182B03F0F5FE41EC61
:10EDF000180BABEC028B0698401C06902088A0EB09
:10EE00000801069881423FF77EAF2188032202FB6A
:10EE10000181039800EBC1000390218802FB01816E
:10EE2000029800EBC1000290218802FB0181019849
:10EE300000EBC1000190218802FB0181009800EBEA
:10EE4000C100009009F12009DDF894B00598001D7B
:10EE500005900498401E049000BF049800283FF7D6
:10EE60004FAF039D36E00020069024E0B5EC022B66
:10EE7000B0EE420AF0EE620A99ED002BB0EE421AB3
:10EE8000F0EE621A53EC102B51EC110B04F08AF9DE
:10EE900041EC180B9BED001BB0EE410AF0EE610A4D
:10EEA00053EC102B03F098FECBE900010BF1080B9B
:10EEB0000698401C06902088A0EB08010698814225
:10EEC000D4DC05EBC80509F10809DDF894B0059814
:10EED000401C05902088A0EB080105988142C2DC07
:10EEE000099D0A9890ED000BB0EE409AF0EE609A02
:10EEF00008380A900020069041E00699249800EB1B
:10EF0000C10090ED001BB0EE410AF0EE610A53EC37
:10EF1000102B51EC190B04F045F941EC180B0020B3
:10EF2000079021E00799259800EBC10090ED001BA8
:10EF3000B0EE410AF0EE610A53EC102B51EC180BC5
:10EF400004F030F941EC1B0B95ED001BB0EE410ACB
:10EF5000F0EE610A53EC102B04F000FBC5E9000150
:10EF600008350798401C07906088A0EB08010798B7
:10EF70008142D7DC05EBC8050698401C0690208826
:10EF8000A0EB080106988142B7DC0B98401C0B905F
:10EF90007F1C6088B8423FF73FAE00200890089879
:10EFA0001BE400002DE9F04305460E46079C9846F9
:10EFB00021469FEDFE1AF0EE410AB4462F4600BFEF
:10EFC000104605E09FEDF91A80ED001A001D491E5C
:10EFD0000029F7D116E01046BCEC010A30EE801A89
:10EFE000F0EE410A214609E0F7EC011A90ED001A13
:10EFF00001EE801A80ED001A001D491E0029F3D190
:10F00000A8F10108B8F1000FE5D12146104607E04C
:10F0100090ED001AC1EE201AC0ED001A001D491E25
:10F020000029F5D1BDE8F083F0B503460C4617463C
:10F030006208184603EB840CACF1040100261AE0C8
:10F04000D0ED000A91ED001AF4EEC10AF1EE10FACB
:10F0500002DD4FF0010C01E04FF0000CBC4507D180
:10F0600090ED000AD1ED000AC0ED000A81ED000A22
:10F07000001D091F761C9642E2D3A20826E0002557
:10F0800021E003EB850003EB850C0CEB82010026ED
:10F0900015E0D0ED000A91ED001AF4EEC10AF1EE90
:10F0A00010FA09DDD0ED000AB0EE600AD1ED000AD9
:10F0B000C0ED000A81ED000A001D091D761C964274
:10F0C000E7D305EB4205A542DBD35208002AD6D18F
:10F0D000F0BD2DE9F05F82460F4616461C469AF8B1
:10F0E00001B0B74206D0A2003946304600F079FEA2
:10F0F000B14600E0B946601E2040B0B9022512E0DA
:10F100004FF0000809E009EB88005A462946FFF74E
:10F110008BFF08EB05001FFA80F8A045F3D34FF6EC
:10F12000FF7000EA4505A542EAD9BDE8F09F2DE948
:10F13000F05F2DED028B8146884616461F4699F8F2
:10F1400001A04FF0010BB04506D0BA004146304651
:10F1500000F047FE354600E045462FE04FF0000B3B
:10F16000002427E005EB840090ED000A601C05EB0D
:10F170008000D0ED000AB4EEE00AF1EE10FA01DDF5
:10F18000012000E00020504513D105EB840090EDF4
:10F19000008A601C05EB800090ED000A05EB8400FE
:10F1A00080ED000A601C05EB800080ED008A4FF0C6
:10F1B000010B641C781EA042D4D87F1EBBF1010F46
:10F1C000CCD0BDEC028BBDE8F09F10B5134604E037
:10F1D000B0EC010AA1EC010A5B1E002BF8D110BDB6
:10F1E00010B5134604E0B0EC020BA1EC020B5B1E61
:10F1F000002BF8D110BD10B5134604E030F8024BD7
:10F2000021F8024B5B1E002BF8D110BD10B5134640
:10F2100002E010C810C15B1E002BFAD110BD10B562
:10F22000134604E010F8014B01F8014B5B1E002B64
:10F23000F8D110BD0A4602E0A0EC010A521E002AD5
:10F24000FAD170470A4602E0A0EC020B521E002AD7
:10F25000FAD1704710B5134602E021F8020B5B1E8D
:10F26000002BFAD110BD10B5134601E001C15B1EA1
:10F27000002BFBD110BD10B5134602E001F8010BC5
:10F280005B1E002BFAD110BD2DE9F0472DED028B4E
:10F2900004460F46164698463546700000F10109AF
:10F2A000700000F1020AB94512D204EB890090ED1A
:10F2B000000A04EB8500D0ED000AB4EEE00AF1EE9E
:10F2C00010FA01DD012000E00020404500D14D464C
:10F2D000BA4512D204EB8A0090ED000A04EB8500D7
:10F2E000D0ED000AB4EEE00AF1EE10FA01DD0120E3
:10F2F00000E00020404500D15546B54215D004EB52
:10F30000860090ED008A04EB850090ED000A04EB86
:10F31000860080ED000A04EB850080ED008A4346FC
:10F320002A4639462046FFF7AFFFBDEC028BBDE809
:10F33000F0872DE9F0472DED028B80468946174670
:10F340001E46B94506D0B2004946384600F049FD90
:10F350003D4600E04D460120C0EB560407E098F81A
:10F360000130224631462846FFF78EFF641E002CEE
:10F37000F5DA741E13E005EB840090ED008A95ED3C
:10F38000000A05EB840080ED000A85ED008A98F8FC
:10F390000130002221462846FFF776FF641E002C2C
:10F3A000E9DABDEC028BBDE8F08700000000000048
:10F3B0002DE9F05F2DED028B824688461646994670
:10F3C0009AF801B0B04507D04FEA8902414630466D
:10F3D00000F007FD344600E04446002729E03D46A2
:10F3E00012E004EB850090ED008A681E04EB8000BB
:10F3F00090ED000A04EB850080ED000A681E04EB26
:10F40000800080ED008A6D1E95B104EB850090EDC3
:10F41000000A681E04EB8000D0ED000AB4EEE00A9A
:10F42000F1EE10FA01D2012000E000205845D8D0BA
:10F430007F1C4F45D3D3BDEC028BBDE8F09F2DE977
:10F44000F0410C4615461E46DDE9067C21462A465B
:10F4500023462BE0A9421FD2B24213D200EB81080F
:10F4600098ED000A00EB8208D8ED000AB4EEE00A3D
:10F47000F1EE10FA02D84FF0010801E04FF0000859
:10F48000E04509D100EB810898ED000A07EB8308FD
:10F4900088ED000A491C08E000EB820898ED000A9C
:10F4A00007EB830888ED000A521C5B1CB342D1D3E2
:10F4B000BDE8F0812DE9FC4780460D4614461E4606
:10F4C0000A9F601B022819DB60194FEA5009434666
:10F4D0004A46294630460097FFF7ECFF434622464E
:10F4E000494630460097FFF7E5FF23464A4629463E
:10F4F0004046CDE90067FFF7A2FF00BFBDE8FC87EB
:10F500002DE9F84304460F4615461E46AF4206D085
:10F51000B2003946284600F064FCA84600E0B84630
:10F52000B2003946606800F05CFC207800904346E9
:10F53000324600216068FFF7BDFFBDE8F883017027
:10F5400042607047F0B504460D462E4604EB860730
:10F5500097ED001AB0EE410A691E501C43E0C3B19A
:10F5600000BF491C04EB810797ED001AB4EEC01AE6
:10F57000F1EE10FA01D29142F3DB00BF401E04EB22
:10F58000800797ED001AB4EEC01AF1EE10FAF5DC20
:10F5900017E000BF491C04EB810797ED001AB4EE99
:10F5A000C01AF1EE10FA01DD9142F3DB00BF401EFC
:10F5B00004EB800797ED001AB4EEC01AF1EE10FAD2
:10F5C000F5D381420FDA04EB8107D7ED000A04EB93
:10F5D000800797ED001A04EB810787ED001A04EB12
:10F5E0008007C7ED000A8142B9DBF0BD2DE9F0418B
:10F5F00007460C4615469846AC4213DA43462A465F
:10F6000021463846FFF79EFF0646434632462146CE
:10F610003846FFF7EBFF43462A46711C3846FFF792
:10F62000E5FF00BFBDE8F0812DE9F04180460D46C1
:10F6300014461E46A54206D0B2002946204600F0D8
:10F64000D0FB274600E02F4698F80130721E0021BB
:10F650003846FFF7CBFFBDE8F0812DE9F04F2DEDE7
:10F66000028B81B083468A46174698469BF8010074
:10F670000090BA4507D04FEA88025146384600F05C
:10F68000B0FB3D4600E0554600242EE0264604F13E
:10F69000010915E005EB890090ED000A05EB8600F5
:10F6A000D0ED000AB4EEE00AF1EE10FA01D2012129
:10F6B00000E000210098814200D14E4609F1010985
:10F6C000C145E7D3A6420FD005EB840090ED008A38
:10F6D00005EB860090ED000A05EB840080ED000A42
:10F6E00005EB860080ED008A641CA8F10100A042B1
:10F6F000CCD801B0BDEC028BBDE8F08F2DE9F04114
:10F7000004460D4616461F46207806282ED2DFE80E
:10F7100000F0030A11181F263B46324629462046B0
:10F72000FFF7D7FC22E03B46324629462046FFF74A
:10F73000FEFC1BE03B46324629462046FFF7F9FD1A
:10F7400014E03B46324629462046FFF731FE0DE0E5
:10F750003B46324629462046FFF766FF06E03B4619
:10F76000324629462046FFF778FF00BF00BFBDE8BC
:10F77000F08101704270704770B503461C46084620
:10F780001FEDF60AF0EE400A1FEDF80AB0EE401A3F
:10F79000154610E0F4EC011A90ED002AB0EE600A74
:10F7A00001EE820AF0EE400AB0EC010A30EE010AE6
:10F7B000B0EE401A6D1E002DECD180EE810A70BDB6
:10F7C0002DE9F04105460C4616462F46B0460CE0A2
:10F7D000B7EC021BB0EE410AF0EE610A51EC100BDF
:10F7E00003F0C8F901C4A8F10108B8F1000FEFD186
:10F7F000BDE8F0812DE9F0472DED028B07460E465E
:10F800009246B946D0461DE0B9EC021BB0EE410A63
:10F81000F0EE610A9FEDDE1B53EC112B51EC100B47
:10F8200003F0C0FC04F0D8F804460D46B5EBE47FC5
:10F8300004D06FF0004181EAE57000E0204601C687
:10F84000A8F10108B8F1000FDED1BDEC028BBDE8D4
:10F85000F0872DE9F0412DED028B05460C4616464A
:10F86000A846374616E0B8EC021BB0EE410AF0EEAF
:10F87000610A9FEDC91B53EC112B51EC100B03F0E7
:10F8800091FC41EC180B03F0F7FB00F30F0024F898
:10F89000020B7F1E002FE6D1BDEC028BBDE8F0818C
:10F8A0002DE9F0412DED028B05460C461646A84683
:10F8B000374616E0B8EC021BB0EE410AF0EE610AE2
:10F8C0009FEDB71B53EC112B51EC100B03F06AFCAE
:10F8D00041EC180B03F0D0FB00F3070004F8010B18
:10F8E0007F1E002FE6D1BDEC028BBDE8F0812DE933
:10F8F000F04105460C4616462F46B0460BE0B7ECE5
:10F90000010A10EE101A084603F0EAFFC4E90001EC
:10F910000834A8F10108B8F1000FF0D1BDE8F0817A
:10F9200030B5044613460EE0B4EC010ADFED9E0A42
:10F9300020EE200ABDEEC00A10EE105A05F30F05A6
:10F9400021F8025B5B1E002BEED130BD2DE9F047A4
:10F9500007460E469046BA46C14618E0BAEC010A80
:10F96000DFED920A20EE200A10EE101A084604F08D
:10F9700095F804460D46B5EBE47F04D06FF00041E6
:10F9800081EAE57000E0204601C6A9F10109B9F15C
:10F99000000FE3D1BDE8F08730B5044613460EE012
:10F9A000B4EC010ADFED820A20EE200ABDEEC00AA7
:10F9B00010EE105A05F3070501F8015B5B1E002BE2
:10F9C000EED130BD2DE9F0412DED028B05460C4600
:10F9D0001646A84637460FE038F9020B03F07BFBCA
:10F9E00041EC180B9FED6C0B53EC102B03F0B0F9AE
:10F9F000C4E9000108347F1E002FEDD1BDEC028B5D
:10FA0000BDE8F08170B5044613460CE034F9025BA2
:10FA100000EE105AB8EEC00ADFED630A80EE201A3D
:10FA2000A1EC011A5B1E002BF0D170BD70B504462D
:10FA3000134604E034F8026B350420C15B1E002B32
:10FA4000F8D170BD70B50446134605E034F9026B79
:10FA5000351201F8015B5B1E002BF7D170BD2DE95B
:10FA6000F0412DED028B05460C4616462F46B0465A
:10FA70000FE001CF03F02FFB41EC180B9FED440B7F
:10FA800053EC102B03F064F9C4E900010834A8F129
:10FA90000108B8F1000FECD1BDEC028BBDE8F0819C
:10FAA00030B5044613460AE0B4EC010AB8EEC00AC9
:10FAB000DFED3E0A80EE201AA1EC011A5B1E002B3E
:10FAC000F2D130BD70B50446134604E040CC351485
:10FAD00021F8025B5B1E002BF8D170BD70B50446A7
:10FAE000134604E040CC351601F8015B5B1E002B89
:10FAF000F8D170BD2DE9F0412DED028B05460C4685
:10FB00001646A84637460FE018F9010B03F0E3FA52
:10FB100041EC180B9FED220B53EC102B03F018F95E
:10FB2000C4E9000108347F1E002FEDD1BDEC028B2B
:10FB3000BDE8F08170B5044613460CE014F9015B92
:10FB400000EE105AB8EEC00ADFED190A80EE201A56
:10FB5000A1EC011A5B1E002BF0D170BD70B50446FC
:10FB6000134605E014F9016B350221F8025B5B1EB8
:10FB7000002BF7D170BD70B50446134604E014F8AD
:10FB8000016B350620C15B1E002BF8D170BD000053
:10FB9000000000000000E041000000000000E04024
:10FBA0000000000000006040000000470000004F1F
:10FBB0000000004353EA020C00F069802DE9F04B8D
:10FBC0004FF00006002B1FBFB3FA83F503FA05F4CC
:10FBD00024FA05F65E4012BF1643B2FA82F502FA25
:10FBE00005F4C5F120051EBF22FA05FC44EA0C0409
:10FBF000203556EA044C4FEA144418BF641C4FF0F9
:10FC000000084FF00009904271EB030C39D3002932
:10FC100019BFB1FA81F701FA07F6B0FA80F700FAD6
:10FC200007F6C7F120071EBF20FA07FC46EA0C06BC
:10FC30002037B6FBF4FCA7EB0507103F07F01F0BBE
:10FC4000CBF120060CFA0BFB2CFA06F644BFB346A8
:10FC50000026202FA4BF5E464FF0000B5BEA060C87
:10FC600008BF4FF0010B19EB0B09ABFB027C48EB13
:10FC70000608C01B06FB02CC0BFB03CC71EB0C018E
:10FC8000C1E70B46024641464846BDE8F08B13B536
:10FC90004FF000004FF00001AFF30080BDE81C40C2
:10FCA0007047B2F120030AD5C2F1200301FA02F134
:10FCB00020FA03F300FA02F041EA0301704700FA68
:10FCC00003F14FF0000070470FB41CB5074B06AAB4
:10FCD0007B4469460090059800F03DFB0020694692
:10FCE00000F04CFB1CBC5DF814FB0000A9060000F2
:10FCF0002DE9F0410E460446002020622046E168CE
:10FD0000884730B3252805D0D4E901219047206ADF
:10FD1000401CF2E7E168204600278847050018D01C
:10FD2000A5F14100192802D820354FF4006732466A
:10FD3000294620462760F0F781FA40B1012804D017
:10FD4000F61D26F007060836D8E7361DD6E7284602
:10FD5000DAE7206ABDE8F081032A40F2308010F033
:10FD6000030C00F0158011F8013BBCF1020F624456
:10FD700098BF11F801CB00F8013B38BF11F8013BE7
:10FD8000A2F1040298BF00F801CB38BF00F8013B94
:10FD900011F0030300F02580083AC0F0088051F804
:10FDA000043B083A51F804CBA0E80810F5E7121D0F
:10FDB0005CBF51F8043B40F8043BAFF30080D2072E
:10FDC00024BF11F8013B11F801CB48BF11F8012BFA
:10FDD00024BF00F8013B00F801CB48BF00F8012B1D
:10FDE000704710B5203AC0F00B80B1E81850203AA7
:10FDF000A0E81850B1E81850A0E81850BFF4F5AFCB
:10FE00005FEA027C24BFB1E81850A0E8185044BF54
:10FE100018C918C0BDE810405FEA827C24BF51F8C1
:10FE2000043B40F8043B08BF7047D20728BF31F8B5
:10FE3000023B48BF11F8012B28BF20F8023B48BF06
:10FE400000F8012B70474FF0000200B513469446AE
:10FE50009646203922BFA0E80C50A0E80C50B1F122
:10FE60002001BFF4F7AF090728BFA0E80C5048BF36
:10FE70000CC05DF804EB890028BF40F8042B08BFD4
:10FE8000704748BF20F8022B11F0804F18BF00F8D0
:10FE9000012B70474FF0013C50F8042B51F8043B04
:10FEA0009A4221D1A2EB0C03934313EACC1317D14E
:10FEB00050F8042B51F8043B9A4215D1A2EB0C03E5
:10FEC000934313EACC130BD150F8042B51F8043BA5
:10FED0009A4209D1A2EB0C03934313EACC13DBD073
:10FEE0004FF00000704700BFD01A01BAB1FA81F19B
:10FEF00001F0180122FA01F0CB40C1F12001DBB280
:10FF0000C0B2C01A2CFA01F3D11A914311EAC311FD
:10FF1000E6D1704770477047704710B500F042FA5D
:10FF2000006810BD10B5044600F03CFA046010BD36
:10FF300070472DE9FF4F0C461E464FF0FF378BB040
:10FF4000D2E90001DDF860800A908A46C1F30A55C3
:10FF500005B93D46002108464FF00000BAF1000FF8
:10FF600000F4400005DA00EB80004FF4400101EAA4
:10FF700050004FEA9059B9F1010F00DDB9460A98D7
:10FF800050EA4A000ED044F61050A5F2FF35454322
:10FF90002F14B8F1000F1ED07542291E1EDDC9F1C5
:10FFA00000021CE0B8F1010F4FF0000001D0302139
:10FFB00003E0F24305E02154401CB042FBDB304635
:10FFC0000022002121540B99C1F80880C1E90020CA
:10FFD0000FB0BDE8F08FBD1B6D1CDEE74A4600DAAE
:10FFE000694206A800F068FA06AB93E8070003AB85
:10FFF00083E8070050460A9900F0FBFA8DE80700F5
:020000040801F1
:10000000A0F500501F3800900398002D09DD42F242
:100010001F014A46084403A90390684600F05AFDB0
:1000200008E0A0F500504A461F3803A9039068462F
:1000300000F064FD8DE807000004000C03D04FF0D1
:10004000FF30410800E01046B8F1000F03D0002255
:10005000009215461EE0751E05D400F0A7F9303257
:1000600062556D1EF9D5B3460122084302D0002225
:100070007F1C04E02078302801D100227F1E002A56
:10008000099786D01DE0112D07DA00F08FF9303284
:1000900062556D1C50EA0102F5D1084302D0009868
:1000A000C8B10EE00021681E05E0235C625C635469
:1000B0002254401E491C8142F7DBAB46A81B401E60
:1000C0000990002004F80B000B98099AC0F80880EA
:1000D000C0E9002B7CE711264FF0000859E72DE915
:1000E000F04F88460446D21D22F0070191B0D1E9B5
:1000F0000001CDE90A0100F037FE02460B98C00F5F
:1001000001D02D2007E02068810701D52B2002E0D7
:10011000202101EAC000032A099001D0072A05DB4B
:1001200003464146204600F087F90BE1207880061F
:1001300001D5E06900E00620B8F1650F814606D0E0
:10014000B8F1660F18D0B8F1670F70D131E0002018
:10015000B9F1110F009001DB112301E009F1010356
:100160000AAA01A90CA8FFF7E4FEDDE90C7000263D
:1001700009F10105834647E001204B4600904FF00E
:1001800000470AAA01A90CA8FFF7D3FEDDE90DB0CC
:100190000C995D46002610B909F101000D18B9EB64
:1001A000050003D4C0F1FF3609F10105A5EB0900F4
:1001B0002BE0B9F1010F01DA4FF001090020B9F18C
:1001C000110F0090484601DD112300E003460AAA02
:1001D00001A90CA8FFF7ADFEDDE90C704D46002625
:1001E0008346207800070AD4AB4500DA5D4601A8B3
:1001F000012D04DD411911F8011C302907D04F45AC
:1002000002DA17F1040F04DA012082460FE06D1EB6
:10021000EEE7002F02DCED1B3E4403E0781CA84211
:1002200000DD7D1CB81B00F1010A4FF0004720786B
:10023000000703D4AA4501DB4FF0FF3A0021B7F1D4
:10024000004F0DF143088DF8431024D002202B23DA
:10025000002F01DA7F422D230A21021EA0F10100A6
:1002600000DC5FB197FBF1FC97FBF1F201FB1C7C1A
:1002700017460CF1300C08F801CDEEE7A8F10100AB
:1002800003702188090501D5452100E06521A0F111
:10029000010800F8011C09980FA9A1EB0807FF1D30
:1002A00000B10120411901EBEA70A1693844081A34
:1002B000401EA0612078C00602D42046AFF3008023
:1002C000099828B1D4E901219047206A401C206296
:1002D0002078C00622D52046AFF300801EE0002E15
:1002E00004DBB34502DD01A8805D00E03020D4E9E5
:1002F00001219047206A401C2062761CAAF101006F
:100300005FEA000A0AD100F049F8C0680168405C61
:10031000D4E901219047206A401C2062281EA5F1E3
:100320000105DCDC07E0D4E9012118F8010B904756
:10033000206A401C2062381EA7F10107F3DC20462A
:10034000AFF30080032011B043E6000001694A1CAE
:1003500002610878704700B58FB0CDE90131002106
:10036000059105497944CDE9031011466846FFF728
:10037000BFFC0FB000BD0000E5FFFFFF0A6802F8F8
:10038000010B0A607047000001491820ABBEFEE770
:100390002600020000487047D457002000487047EC
:1003A000F457002000487047D457002030B5B0F112
:1003B0000A024FEA900E71F100034EEA817EB0EB23
:1003C0000E0061EB91014FEA101E4EEA017E10EB28
:1003D0000E0041EB11114FEA102E4EEA016E10EBA8
:1003E0000E0041EB11214FEA104E4EEA014E10EB88
:1003F0000E0041EB1141401841F100014FEAD000DD
:1004000040EA41704FEAD10110EB80054FEA8104C8
:1004100044EA907444EB01046D1944EB0404521B4C
:10042000A3414FF0000348BF0A3200D530BD401C45
:1004300041F1000130BD00002DE9F0411F460446A6
:1004400003260168072A01F4006004DB08B116A541
:1004500005E016A503E008B115A500E015A521F0FB
:1004600010002060A069C01EA0610FB1401EA061F5
:100470002046AFF300804FB1D4E9012138469047C0
:10048000206A401C2062C01C206206E0206AFAE755
:10049000D4E9012115F8010B9047761EF8D22046C9
:1004A000AFF30080BDE8F0814E414E006E616E00FA
:1004B000494E4600696E66002DE9F04781461646B2
:1004C0008AB0334878440DC88DE80D003048784430
:1004D000801C03AC0DC884E80D0041F69B30084435
:1004E000372190FBF1F290FBF1F5A5F1800501FBBE
:1004F00012041B3C02D56442012000E00020DFF81A
:1005000090A080460027FA44AAF1BE0A0DE0E00759
:1005100009D03246684607EB47010AEB810100F03B
:10052000EDFA8DE8070064107F1C002CEFD1184F06
:100530007F44AC3F18E0E80714D007EB04100DF13E
:10054000180A90E80E008AE80E00C068F04201D157
:1005500098190890324606A903A800F0CFFA03AB19
:1005600083E807006D10641C002DE4D13246694613
:10057000B8F1000F03A802D000F0ACFA01E000F0DF
:10058000BDFAC9E90001C9F808200AB0BDE8F08742
:10059000143D000070477546FFF7FCFEAE460500AF
:1005A0006946534620F00700854618B020B5F9F794
:1005B0004FFCBDE820404FF000064FF000074FF021
:1005C00000084FF0000B21F00701AC46ACE8C00971
:1005D000ACE8C009ACE8C009ACE8C0098D4670477A
:1005E00010B50446AFF300802046BDE81040EFF799
:1005F00041BE5FEA400C08BF91F0000F4FEA8C2328
:100600004FEAC12243EA51514FEA1C5018BF00F58E
:10061000F0404FEA300018BF41F000415FEA6C5CE7
:1006200000F02980BCF1FF3F08BF40F080407047D8
:10063000130C06BF12044FF0100C4FF0000C130EF9
:1006400004BF12020CF1080C130F04BF12010CF1CD
:10065000040C930F04BF92000CF1020CD30F04BFE3
:1006600052000CF1010C11464FF00002A0F11F00E6
:10067000A0EB0C00704711F0004F08BF704731F03D
:1006800000413FF4D5AF0B0C06BF09044FF0100C2E
:100690004FF0000C0B0E04BF09020CF1080C0B0FFD
:1006A00004BF09010CF1040C8B0F04BF89000CF18D
:1006B000020CCB0F04BF49000CF1010CCCF120035C
:1006C000A0EB0C0022FA03F302FA0CF241EA030158
:1006D00000F10100704720F07F4C80EA030023F016
:1006E0007F47ACEB070303F57C5300F0004003F1B8
:1006F000FF032DE980494FEA154B09B44FEA144333
:1007000025EA0B4E24EA03480FF2042606EB1327D2
:1007100049083E785FEA320203FB0667C7F5000727
:1007200007FB06F64FEA54374FEAD64606F10206B3
:1007300007FB066CCCF1005C4FEA1C472CEA074C27
:1007400007FB06F40CFB06F504EB15464FEA96167C
:1007500034BF00204FF000404FEAD13706FB07FCC2
:100760004FEA1C4C0CFB0BF7D21B03FB0CF761EBA5
:1007700007010CFB0EF7B0EB074072EB17420CFBC6
:1007800008F734BFA2EB0742B2EB074261EB174117
:100790004FEA0C444FEA910706FB07FC4FEA1C4C5A
:1007A0000CFB0BF7B0EBC74072EB573203FB0CF7B7
:1007B00034BFA2EBC742B2EBC74261EB57310CFB2F
:1007C0000EF7B0EBC70072EB57720CFB08F734BFA3
:1007D000A2EBC702B2EBC70261EB5771039F4FEA6E
:1007E000816141EA921104EBCC044FEAD1374FEA20
:1007F000826206FB07FC42EA90124FEA80604FEAF1
:100800001C4C0CFB0BF7D21B03FB0CF761EB070135
:100810000CFB0EF7B0EB074072EB17420CFB08F72E
:1008200034BFA2EB0742B2EB074261EB17414FEA3C
:100830008C554FEA910704EB9C2406FB07FC4FEA1A
:100840001C4C0CFB0BF7B0EBC74072EB573203FBB1
:100850000CF734BFA2EBC742B2EBC74261EB573192
:100860000CFB0EF7B0EBC70072EB57720CFB08F7EE
:1008700034BFA2EBC702B2EBC70261EB577115EBB5
:100880004C254FEA816141EA92114FEA82624FEAB8
:10089000D13742EA901206FB07FC44F100044FEA0C
:1008A00080604FEA1C4C0CFB0BF7D21B03FB0CF7D0
:1008B00061EB07010CFB0EF7B0EB074072EB174240
:1008C0000CFB08F734BFA2EB0742B2EB074261EB27
:1008D000174115EB1C154FEA813141EA92414FEA6D
:1008E000823242EA90424FEA80304FEA0C7644F17D
:1008F000000448EA03434EEA0B484FF0000EB2EB07
:10090000080C71EB030724BF624639464EEB0E0E0E
:100910004FF0000B0018524149414BEB0B0BB2EB6F
:10092000080C71EB03077BF1000B24BF62463946CC
:100930004EEB0E0E4FF0000B0018524149414BEBAD
:100940000B0BB2EB080C71EB03077BF1000B24BF20
:10095000624639464EEB0E0E51EA020718BF46F0CA
:10096000010616EB0E7655F1000254F1000103D595
:10097000BDE88901BDE80088BDE88901BDE80048FF
:10098000B619524141EB0101A3F101037047808088
:100990007F7E7D7C7B7A79787776767574737271D9
:1009A00071706F6E6E6D6C6C6B6A6A696868676691
:1009B00066656464636362616160605F5F5E5E5D23
:1009C0005D5C5C5B5B5A5A59595858575756565597
:1009D00055555454535352525251515050504F4FF9
:1009E0004F4E4E4D4D4D4C4C4C4B4B4B4A4A4A4949
:1009F000494948484847474747464646454545448C
:100A00004444444343434342424242414141002B18
:100A100026D4770021D01CB54FEA370703B44FF036
:100A200010004FF010014FF000000FBCBDE8104067
:100A30000BF1010BBBF1010F08BF5FEA170722BFE3
:100A400012F1010211F101014FF0004143F10003E5
:100A500000F0004043EA00007047F9D35708DAE796
:100A600046EA064613F1400F4FEA16461FDD13F122
:100A7000200FDFBF16430A46002120335B42C8D057
:100A8000C3F1200746EA064602FA07F74FEA164680
:100A900046EA0706C3F1200722FA03F201FA07F734
:100AA00021FA03F14FF0000342EA0702B1E746EAF8
:100AB000020646EA06464FEA164646EA0106BCBF6B
:100AC00046EA0646360C4FF000034FF000024FF0A6
:100AD00000019EE72DE9C048934630B491E8380004
:100AE00007C831EA400C48BF34EA430C03D5FFF78E
:100AF000F2FDFFF78CFFF0BCBDE800882DE9C0488F
:100B0000934630B491E8380007C810F0804F08BF12
:100B100013F0804F03D100F005F8FFF778FFF0BC29
:100B2000BDE8008820F07F4780EA030023F07F4C77
:100B300007EB0C03A3F57C5300F00040A3F1FE0388
:100B400092F0000F00F0B38095F0000F00F0778076
:100B50002DE901494FEA11404FEA144621EA0048C5
:100B600000FB06FC24EA064708FB06F607FB08F82C
:100B700000FB07F718EB06484CEB164C4FEA124BFC
:100B800018EB07484FEA15464CEB174022EA0B4E8C
:100B90000BFB06FC25EA06470EFB06F607FB0EFEDE
:100BA0000BFB07F71EEB064E4CEB164C4FF0000606
:100BB0001EEB074E4CEB174B18EB0B0840F10000F7
:100BC00018EB0E0B58EB000840F100008F1A4FF0A5
:100BD00000013CBFC943661B14BFB5EB040C0021E8
:100BE0003CBFC943F61B4FEA17444EEA8E0E27EA74
:100BF00004454FEA1C4704FB07622CEA074C05FB3F
:100C000007F70CFB05F604FB0CFC16EB074642EB62
:100C1000174216EB0C4642EB1C421BEB060658EB48
:100C20000202414146EA9E0601D5BDE80189B61996
:100C3000524141EB0101A3F10103BDE801894FEAF3
:100C400014454FEA114724EA054621EA074C05FB03
:100C500007F406FB07F70CFB06F105FB0CFC11EB98
:100C6000074144EB17444FEA124711EB0C4144EBA8
:100C70001C4422EA074C05FB07F206FB07F70CFBB6
:100C800006F605FB0CFC16EB074642EB174216EB8B
:100C90000C4642EB1C456A1854F1000148BF7047EE
:100CA000B619524141EB0101A3F10103704795F0E0
:100CB000000F37D04FEA11424FEA144721EA0246AB
:100CC00024EA074C02FB07F106FB07F70CFB06F4CE
:100CD00002FB0CFC14EB074441EB17414FEA1547AC
:100CE00014EB0C4441EB1C4125EA074C02FB07F5D1
:100CF00006FB07F70CFB06F602FB0CFC16EB07469F
:100D000045EB174516EB0C4645EB1C42121951F109
:100D1000000148BF7047B619524141EB0101A3F1F0
:100D2000010370474FEA14454FEA114724EA05468C
:100D300021EA074C05FB07F106FB07F70CFB06F25F
:100D40004FF0000605FB0CFC12EB074241EB17418C
:100D500012EB0C4251EB1C4148BF7047921841EB1B
:100D60000101A3F10103704703B401984100009809
:100D700050EAC12018BF04204A0D18BF40F00100FE
:100D800040F2FF72B2EB515F08BF40F00200012851
:100D900008BF052002B0704770B59B482DED020BCF
:100DA0002DED068B079D25F00044A04218DC9748E6
:100DB000844202DC0AD1069840B19DED060BBDECE1
:100DC000068B02B0BDE8704001F022BE002DCCBF02
:100DD0009FED8F0B9FED900BBDEC068B02B070BDAD
:100DE0008F48A04215DD8F48A042D8BF4FF0FF3496
:100DF00058DD9DED060B51EC100BFFF7B5FF0428F5
:100E000008BF01F039FE9DED060BBDEC068B02B06C
:100E100070BD9DED060B51EC100B01F045FECDE9C8
:100E2000060181489FED828BA0423CDD8248A042B2
:100E30001FDD00249FED82AB9DED060B53EC1A2BBA
:100E400051EC100B01F0C8FE9DED060B41EC190BA7
:100E500053EC1A2B51EC100B02F0A4F953EC182BA5
:100E600002F054FC53EC192B01F072FFCDE906019E
:100E700049E09DED060B012453EC182B51EC100BAF
:100E800001F0AAFE9DED060B41EC190B53EC182B5B
:100E900051EC100B02F03AFC53EC192B01F058FF07
:100EA000CDE906012FE06848A0421FDD02249FED36
:100EB000689B9DED060B53EC192B51EC100B02F0C7
:100EC00071F953EC182B01F087FE9DED060B41ECF8
:100ED000180B53EC192B51EC100B02F017FC53ECD0
:100EE000182B01F035FFCDE906010CE09DED060B56
:100EF000032453EC102B9FED580B51EC100B01F019
:100F000027FFCDE906019DED060B53EC102B51ECAC
:100F1000100B02F047F941EC180B53EC182B02F0C0
:100F200041F941EC190B4E480621B0EE490AF0EEAA
:100F3000690A784401F040FC53EC182B51EC100B7B
:100F400002F030F941EC180B4648B0EE490AF0EED9
:100F5000690A0521784401F02FFC53EC192B51EC60
:100F6000100B02F01FF941EC100B51EC180B53EC75
:100F7000102B002C0EDA01F02FFE9DED061B53EC1A
:100F8000112B02F00FF99DED061B53EC112B02F013
:100F9000E5FA35E001F020FE9DED061B53EC112B28
:100FA00002F000F941EC100B2F48784400EBC4002C
:100FB00090ED001B51EC100B53EC112B02F0A6FB33
:100FC0009DED061B53EC112B02F0A0FB41EC100B26
:100FD0002648784400EBC40090ED001B51EC100B48
:100FE00053EC112B02F0BAFA41EC100B002DA2BF0A
:100FF000BDEC068B02B070BD51EC100B01F0AEFDE4
:1010000041EC100B01E70000000010440000F07FED
:10101000182D4454FB21F93F182D4454FB21F9BFEE
:101020000000DC3F0000203E0000F33F0000000015
:10103000000000000000F03F0000E63F000000005C
:10104000000000000000004000800340000000009D
:10105000000000000000F83F000000000000F0BFAA
:101060004A300000003000008A2F0000422F0000AC
:1010700070B56B4E2DED040B2DED028B82B0DDF8BB
:101080001CC0DDE905235C422CF000411C4341EA11
:10109000D474049D22F00040B44205D86C422C4325
:1010A00040EAD474B4420BD99DED061B9DED040BB0
:1010B00002B0BDEC028B04B0BDE8704001F0B2BCE0
:1010C000ACF14054A4F17F641C430BD0022404EA29
:1010D000AC7444EAD27405439FED538B9FED542BBF
:1010E00007D015E09DED040B51EC100B01F0D4FC82
:1010F00042E0002C11BF012C9DED040B02B0BDECB1
:10110000028B04BF04B070BD022C38D0032C3BD03E
:101110000B439FED491B9FED4A0B0AD0B14218D1FA
:10112000B04209D121F0804120F080400791059024
:101130000FE0002A15DA10E0434B7B44002C08BF77
:1011400093ED000B0DD0012C10D0022C17D0032CE6
:101150001AD0B0421DD1002A03DAB0EE410AF0EEF7
:10116000610A02B0BDEC028B04B070BD93ED000BC0
:1011700051EC100B01F0F2FC41EC100BF1E7B0EE7A
:10118000480AF0EE680AECE7B0EE420AF0EE620AB6
:10119000E7E7401A00153C28C8BF8DED000B19DCAD
:1011A000BCF1000FBEBF10F13C0F9FED290B8DED80
:1011B000000B0FDB9DED060B53EC102B9DED040B8C
:1011C00051EC100B01F0C4FD01F06EFC01F064FC69
:1011D000CDE90001002C08BF9DED000BC1D0012C12
:1011E00010D0022C9FED1C0B53EC102B9DED000B2F
:1011F00051EC100B0DD002F089FA53EC182B02F0D1
:1012000085FAB9E7019880F0004001909DED000B50
:10121000A7E702F07BFA53EC182B02F09FF9ABE73B
:101220000000F07F00000000182D4454FB2109400D
:10123000182D4454FB2109C0182D4454FB21F9BF3B
:10124000182D4454FB21F93F2A2F00000000000014
:101250000000000000000000075C143326A6A13C3B
:1012600010B52F499FED2C1B2DED020B84B0059876
:1012700020F000408842D8BF9DED040B2DDD2949A8
:10128000884209D1049840B94FF00100FEF74AFEA8
:1012900001F0D2FB06B010BD05DB9DED040B01F0A3
:1012A000B7FB06B010BD68469DED040B00F0B0FF23
:1012B00010F0030004BF9DED021B9DED000B0CD050
:1012C00001280ED09DED021B9DED000B022817D0CA
:1012D000012001F0EDFA06B010BD01F0B5F906B03D
:1012E00010BD9DED021B9DED000B012001F0E0FA09
:1012F00051EC100B01F032FC06B041EC100B10BDAC
:1013000001F0A2F951EC100B01F028FC06B041EC01
:10131000100B10BD000000000000000000000000E5
:10132000FB21E93F0000F07F2DED020B019820F03A
:10133000004001909DED000B02B0704710B52DEDFF
:10134000040B86B09DED060B10EE100A10EE901AFD
:101350008DED000B002818BF0120084320F000404D
:10136000C0F17F6000F1E040C00F21D19DED080B7E
:1013700010EE101A10EE900A8DED000B002918BF28
:101380000121084320F00040C0F17F6000F1E040FF
:10139000C00F0DD129490798B1EB400F04BF069843
:1013A000002842D00998400004BF089800283CD08B
:1013B0009DED080B53EC102B9DED060B51EC100B23
:1013C00001F0E8FFCDE902019DED020B40F2FF7153
:1013D00010EE900A8DED000B31EA105021D00798E5
:1013E000039900F0004001F00041884219D09DEDC2
:1013F000080B8DED040B9DED020B8DED000B10EE37
:10140000900A059961F31E0005909DED041B9DED6A
:10141000020B51EC110B53EC102B02F09FF8CDE9AD
:1014200002019DED020B0AB010BD0120FEF77AFD0E
:101430000AB0BDE8104001F0FFBA00000000E0FF74
:101440002DE9F04D2DED040B2DED0E8B96B0DDE961
:101450002550279CDDF890A025F0004624F0004898
:10146000BAF1000F14BF0121002101EB4502FC4934
:1014700053184A1093422AD3002814BF0123002393
:1014800003EB44030B44F7498B4220D358EA000195
:101490009FEDF59B76D0DFF8D8B35D4503D1BAF167
:1014A000000F05D188E0BAF1000F08BF002100D07D
:1014B000012101EB450111F5001F08D8002814BFD8
:1014C0000121002101EB440111F5001F0BD99DED15
:1014D000261B9DED240B16B0BDEC0E8B04B0BDE8B1
:1014E000F04D01F09FBA0027002DBCBFE1498845AF
:1014F00021DAE1498845A8BF02271CDAC3451ADC76
:10150000DE4901EB2851142908DDC1F1340220FA2B
:1015100002F101FA02F282420DD108E058B9C1F19C
:10152000140228FA02F101FA02F2424503D101F055
:101530000101C1F1020756EA0A0124D1002C22DA86
:10154000002D18BF022F01D0012F0AD00220FEF774
:10155000E9FC16B0BDEC0E8B04B0BDE8F04D01F017
:101560003FBA0220FEF7DEFC01F03AFA51EC100B14
:1015700001F0F4FA41EC100B16B0BDEC0E8B04B088
:10158000BDE8F08D18E09FEDBEAB9FEDBF8B00284E
:1015900071D1B848804522D105F1804010F5801006
:1015A00008BFBAF1000F07D0B3450ADC002CA8BF72
:1015B0009DED260BE0DA0DE0B0EE490AF0EE690A87
:1015C000DAE7002C06DA9DED260B51EC100B01F04A
:1015D000C5FA6FE0AE48784490ED000BCCE7D845F3
:1015E0004DD1002C48DA2EB186423AD1BAF1000F23
:1015F00042D126E0BAF1000F13D00220FEF792FC90
:1016000001F02AFA8DED020B9DED240B8DED000B00
:1016100010EE900A039961F31E0003909DED020BFA
:10162000AAE78DED02AB9DED240B1AEE901A10EE99
:10163000900A8DED000B61F31E0003909DED020BEF
:101640009AE78DED028B9DED240B18EE901A10EEAB
:10165000900A8DED000B61F31E0003909DED020BCF
:101660008AE709DA9DED240B51EC190B53EC102B92
:1016700001F06EFB1EE020E09DED240B7CE786422E
:101680001BDAB4F1804F0DD0A4F10050B0F1FF503F
:1016900013D1002D11DB9DED240B51EC100B01F04B
:1016A0000FFA07E09DED240B53EC102B51EC100BBF
:1016B00000F0C2BC41EC100B5EE79DED240B51EC39
:1016C000100B01F0F1F9BAF1000FCDE90E0142D192
:1016D0009FED710B46B3A6F1E040B0F17F600CD0F6
:1016E0005E4538D1002D00DAA7B3022F0CBF0120D0
:1016F0004FF0FF3001F0EFFCDCE7002D01DD002CA6
:101700000DDA002D01DD002C1FDB002D16DA002C78
:1017100014DB012F08BF9FED620B3FF42DAFB0EE3D
:101720004A0AF0EE6A0A27E7022F18BF002D0CD0F4
:10173000012F0AD1002DFFF61FAF06E0002DB8BF24
:10174000002C08DA012F3FF417AFB0EE480AF0EE94
:10175000680A11E71BE0012000EBE57050EA070181
:1017600015D0791EB0EE498AF0EE698A084308BFA9
:101770009FED4D8B4E480025804570DD4D494E480C
:10178000884514DDB0420DDB002C19DB2FE0012071
:10179000FEF7C8FB16B0BDEC0E8B04B0BDE8F04DF3
:1017A00001F04AB9B34502DC002C09DC1FE0864297
:1017B00002DA002C1BDA03E05E452BDD002C16DD7F
:1017C0000220FEF7AFFB01F047F98DED020B53EC61
:1017D0001A2B51EC180B01F0E5FCCDE9000103993F
:1017E000019861F31E0003909DED020BC4E60220F8
:1017F000FEF798FB01F040F910EE901A18EE900AEF
:101800008DED020B8DED008B61F31E0003909DEDBD
:10181000020BB1E69DED0E0B53EC192B51EC100BA6
:1018200001F074FF9FED260BCDE9080153EC102B5E
:101830009DED080B51EC100B01F0B4FC9FED221B49
:1018400053EC112B01F08AFE9DED081B53EC112B7C
:1018500001F0A8FC9FED1E1B53EC112B3CE08CE02B
:10186000FFFF1F00FFFF0F00000000000000F03F1F
:101870000000F03F0000F07F0000404301FCFFFF4C
:10188000000000000000F07F0000000000000000E9
:101890008E2A000000000000000000000000008010
:1018A000000000000000F0FF000000000000F0BF9A
:1018B0000000E0410000F043FFFFEF3F00000000A8
:1018C000000000000000D03F555555555555D53FF7
:1018D000000000000000E03F01F040FE9DED080B1D
:1018E00041EC1A0B53EC102B51EC100B01F05AFC8D
:1018F00053EC1A2B01F056FC41EC1A0B9FEDFE0B3A
:1019000053EC102B9DED080B51EC100B01F04AFC31
:1019100041EC1B0B9FEDFA0B51EC1A0B53EC102B07
:1019200001F040FC41EC1A0B9FEDF70B53EC102B30
:101930009DED080B51EC100B01F034FC53EC1A2B0D
:1019400001F0E4FE41EC1A0B51EC1B0B53EC1A2B8B
:1019500001F042F90690CDE906519DED060B53ECDE
:101960001B2B51EC100B01F0D1FE53EC1A2B01F0A4
:10197000F5FD41EC100B00F0A1B90020B6F5801F79
:101980000EDA9FEDE30B53EC102B9DED0E0B51EC9B
:10199000100B01F007FCCDE90E016FF034000E468C
:1019A00000EB2650A0F2FF37C6F31300DA4940F0EF
:1019B0007F6646F040568842D8BF002408DDD749EC
:1019C0008142C8BF012403DC0024A6F580167F1CD9
:1019D000D348784400EBC4000F9690ED00CB9DED0A
:1019E0000E0B53EC1C2B51EC100B01F08FFE9DEDF8
:1019F0000E0B41EC1B0B53EC1C2B51EC100B01F0AC
:101A0000EBF841EC100B51EC190B53EC102B01F0DF
:101A10009FF941EC1D0B51EC1B0B53EC1D2B01F0FE
:101A2000C1FB41EC1A0BBF488DED10AB784410950B
:101A300090ED000B4FF0005040EA660000EB844050
:101A40008DED080B00F5002009909DED080B53EC7F
:101A50001C2B51EC100B01F059FE9DED0E1B53ECAD
:101A6000112B01F07BFD41EC100B53EC102B9DED85
:101A7000100B51EC100B01F095FB9DED080B41ECA8
:101A80001C0B53EC102B9DED100B51EC100B01F0C7
:101A900089FB53EC1B2B01F061FD53EC1C2B01F077
:101AA00035FE53EC1D2B01F07DFB41EC1C0B53EC80
:101AB0001A2B51EC1A0B01F075FB41EC1B0B9A48E9
:101AC0000621B0EE4B0AF0EE6B0A784400F074FE8B
:101AD000B0EE401AF0EE601AB0EE41DAF0EE61DAE4
:101AE00053EC1B2B51EC1B0B01F05CFB53EC1D2B3F
:101AF00001F058FB9DED100B41EC1B0B53EC1A2B26
:101B000051EC100B01F068F853EC1C2B01F04AFB70
:101B100053EC1B2B01F060F89DED100B41EC1B0BFF
:101B200053EC102B51EC100B01F03CFB41EC1D0B66
:101B30009FED7FEB53EC1E2B01F04EF853EC1B2B6B
:101B400001F04AF80890CDE908519DED080B53ECDF
:101B50001E2B51EC100B01F0D9FD53EC1D2B01F0A5
:101B6000D5FD53EC1B2B01F0F9FC9DED080B41EC6E
:101B70001D0B53EC102B9DED100B51EC100B01F0D5
:101B800011FB41EC1B0B53EC1A2B51EC1D0B01F01C
:101B900009FB9DED080B41EC1A0B53EC102B51EC9B
:101BA0001C0B01F0FFFA53EC1A2B01F015F841EC75
:101BB0001A0B51EC1B0B53EC1A2B01F00DF80C9087
:101BC000CDE90C519DED0C0B53EC1B2B51EC100B84
:101BD00001F09CFD53EC1A2B01F0C0FC41EC1B0BF7
:101BE0009FED550B53EC102B9DED0C0B51EC100B96
:101BF00001F0D8FA41EC1A0B9FED510B51EC1B0B85
:101C000053EC102B01F0CEFA41EC1B0B9FED4E0B69
:101C100053EC102B9DED0C0B51EC100B01F0C2FAA4
:101C200053EC1B2B00F0D8FF41EC100B48487844D4
:101C300000EBC40090ED001B51EC100B53EC112B8A
:101C400000F0CAFF41EC1B0B384601F044FACDE925
:101C5000080153EC1B2B51EC1A0B00F0BDFF41ECBB
:101C6000100B3C48784400EBC40090ED00CB51ECE5
:101C7000100B53EC1C2B00F0AFFF9DED081B53EC39
:101C8000112B00F0A9FF0690CDE906519DED080B40
:101C900053EC102B9DED060B51EC100B01F036FDB3
:101CA00053EC1C2B01F032FD53EC1A2B01F02EFDEE
:101CB00053EC1B2B01F052FC41EC100B9DED261B4D
:101CC00053EC102B8DED001B00959DED260B51EC78
:101CD000100B01F067FA9DED000B41EC1A0B53EC71
:101CE000102B9DED260B51EC100B01F00FFD9DED1F
:101CF000061B53EC112B2FE0000000604715F73F47
:101D0000FE822B654715F73F44DF5DF80BAE543E6E
:101D100000000000000040438E9803007AB60B00DC
:101D2000DA2500003826000012250000000000001F
:101D30000000000000000840000000E009C7EE3F7E
:101D4000FD033ADC09C7EE3FF5015B14E02F3EBE10
:101D50009E2300005823000001F024FA53EC1A2BB4
:101D600000F03AFF9DED060B41EC1A0B53EC102BE3
:101D70009DED000B51EC100B01F014FACDE90C01B4
:101D80009DED0C0B51EC1A0B53EC102B00F024FFC3
:101D9000CDE902010C46AA498C422FDB611A0843A7
:101DA00018D19DED0C0B53EC102B9DED020B51EC5B
:101DB000100B01F0ABFC41EC1B0B9FEDA30B51ECA6
:101DC0001A0B53EC102B00F007FF53EC1B2B01F008
:101DD0008FFB2DD20220FEF7A5F800F03DFE10EE9D
:101DE000901A18EE900A8DED020B8DED008B61F3C9
:101DF0001E0003909DED020BFFF7BEBB944A24F03A
:101E00000041914214D39349214408437FF4EFAC3D
:101E10009DED0C0B53EC102B9DED020B51EC100BB8
:101E200001F074FC53EC1A2B01F062FB7FF6DFAC7F
:101E300024F000408849894A002601EB2051824263
:101E40002BDA481C4FF4801121FA00F02044844A18
:101E5000C0F30A517A44A1F2FF3192ED000B814A9E
:101E60008DED080BCA4020EA0202C0F3130040F4D3
:101E70008010C1F1140120FA01F60992002CB8BFBC
:101E800076429DED080B53EC102B9DED0C0B51ECA5
:101E9000100B01F03BFCCDE90C019DED0C0B51EC5E
:101EA0001A0B53EC102B00F097FE9FED6F0B089070
:101EB000CDE9085153EC102B9DED080B51EC100BA4
:101EC00001F070F941EC1B0B9FED690B53EC102BEB
:101ED0009DED080B51EC100B01F064F99DED0C0B1E
:101EE00041EC1C0B53EC102B9DED080B51EC100B2F
:101EF00001F00CFC53EC1A2B01F030FB9FED5E1B44
:101F000053EC112B01F04EF953EC1C2B00F064FE46
:101F100041EC1A0B51EC1B0B53EC1A2B00F05CFE3E
:101F2000CDE902019DED020B53EC1B2B51EC100B84
:101F300001F0ECFB53EC1A2B01F010FB9DED020BB2
:101F400041EC1A0B53EC102B51EC100B01F02AF959
:101F5000CDE908014A489DED080B0521784400F0C1
:101F60002BFC9DED081B51EC100B53EC112B01F0D9
:101F700019F99DED021B53EC112B01F0EFFACDE99D
:101F800006019DED020B53EC1A2B51EC100B01F0E6
:101F900009F953EC1A2B00F01FFE9FED3B0B41ECAF
:101FA0001A0B53EC102B9DED060B51EC100B01F0AE
:101FB000ADFB9DED060B41EC1B0B53EC102B9DED87
:101FC000020B51EC100B01F0EDF853EC1B2B00F061
:101FD000BFFE53EC1A2B01F099FB9DED021B53EC55
:101FE000112B01F093FB53EC192B01F0B7FACDE95B
:101FF000020101EB065001150029C8BF039015DC52
:102000009DED020B324651EC100B01F0BEFDFEF7C8
:10201000ABFE042808BF00F02FFD32469DED020BF9
:1020200051EC100B01F0B1FDCDE902019DED020B69
:1020300051EC180B53EC102B01F0B4F8FFF73ABB3E
:102040000000904000000000FE822B654715973C81
:1020500000CC904000346F3F01FCFFFF0000E03FE8
:1020600010220000FFFF0F0000000000432EE63F9B
:10207000396CA80C615C20BEEF39FAFE422EE63FB7
:10208000B020000000000000000000000000004040
:1020900010B52F499FED2C1B2DED020B84B0059838
:1020A00020F000408842DCBF00209DED040B32DDB3
:1020B0002849884209D1049840B94FF00100FDF742
:1020C00031FF00F0B9FC06B010BD05DB9DED040B3F
:1020D00000F09EFC06B010BD68469DED040B00F0BC
:1020E00097F810F0030011D0012818D09DED021BC5
:1020F0009DED000B02281AD000F0A6FA51EC100B4F
:1021000000F02CFD06B041EC100B10BD9DED021B44
:102110009DED000B012000F0CBFB06B010BD9DED46
:10212000021B9DED000B00F08FFA06B010BD0120E0
:1021300000F0BEFB51EC100B00F010FD06B041ECBE
:10214000100B10BD000000000000000000000000A7
:10215000FB21E93F0000F07F00B52DED048BB0EED0
:10216000409AF0EE609A83B051EC190B01F002FA3C
:1021700041EC180B18EE100A18EE901A8DED008B3A
:10218000002818BF0120084320F00040C0F17F6004
:1021900000F1E040C00F14D019EE101A19EE900AA9
:1021A0008DED009B002918BF0121084320F000405D
:1021B000C0F17F6000F1E040C00F04BF0120FDF7D7
:1021C000B1FEB0EE480A03B0F0EE680ABDEC048B35
:1021D00000BD10B52DED028BB1EEC08A18EE100ACD
:1021E00020F00040C0F1FF40C00F0AD010EE100AEE
:1021F00020F00040C0F1FF40C00F04BF0120FDF7F8
:1022000091FEB0EE480ABDEC028B10BD000000004C
:102210002DE9F14F04462DED020B2DED088B8AB010
:102220009FEDE70B80ED020B139EE74826F000457B
:1022300085420ADC9DED120B002084ED000B0AB0F4
:10224000BDEC088B03B0BDE8F08FE0489FEDE0AB3C
:102250009FEDE1BBA84247DDE14F9FEDE39B9FED82
:10226000E48B9DED120B53EC1A2B51EC100B002E4E
:102270001CDD01F04BFA41EC100BBD4208D053ECD1
:102280001B2B51EC100B01F041FAC4E900010BE0EB
:1022900053EC192B51EC100B01F038FA53EC182BBE
:1022A00001F034FAC4E900010120C8E700F094FC11
:1022B00041EC100BBD4208D053EC1B2B51EC100B22
:1022C00000F08AFCC4E900010BE053EC192B51EC3F
:1022D000100B00F081FC53EC182B00F07DFCC4E9DE
:1022E00000014FF0FF30AAE7C348A84279DB9DED1B
:1022F000120B51EC100B00F0D7FB41EC180B9FEDCB
:10230000C00B53EC102B00F04DFF9FEDBF1B53ECA7
:10231000112B00F061FC00F0AFFE074600F0DBFE81
:1023200041EC190B53EC1A2B00F03CFF53EC182B2B
:1023300001F014F941EC180B53EC1B2B51EC190B69
:1023400000F030FFDFF8C8A241EC100B4FEA15583F
:102350000125FA4453EC102B51EC180B01F0D6F97F
:10236000032DC4E900013DD0C1F30A5005EB45112E
:10237000A8EB00001139814234DA0AEB051BB0EEFC
:1023800048AA9BED000BF0EE68AA53EC102B51EC21
:10239000190B00F007FF41EC1B0B51EC1A0B53EC2F
:1023A0001B2B01F0B3F941EC180B51EC1A0B53EC59
:1023B000182B01F0ABF953EC1B2B01F0A7F99BEDA7
:1023C000020B41EC1A0B53EC102B51EC190B00F0E3
:1023D000E9FE53EC1A2B01F099F941EC100B6D1C3E
:1023E000B8E70EE0002EA8BF3846BFF628AF94ED40
:1023F000000B51EC100B00F0B1FBC4E90001784276
:102400001DE7C6F3130040F4801EC6F30A50A0F285
:10241000F530471100F01F05C5F12000DDF848B088
:1024200008900020069007900520EC467949002D81
:1024300007EB0002794408BF51F8221009D051F887
:10244000223001EB8201AB404A68089922FA01F17F
:102450001943A1FB0E26A1FB0B131A449A4234BF69
:102460000123002303EB06080CEB8003D3E901A64C
:102470000E448E4234BF0121002192448A4411B19E
:10248000924502D903E0924501D2012100E00021EA
:10249000C3E901A641444CF82010011EA0F101003F
:1024A000C4DC029800F10050850F0298DDE9036753
:1024B0008000DDF8148000F00EFE41EC1A0B30466F
:1024C00000F020FE9FED541B53EC112B00F06AFE30
:1024D00041EC1B0B384600F015FE9FED511B53ECF1
:1024E000112B00F05FFE41EC180B404600F00AFE95
:1024F0009FED4D1B53EC112B00F054FE41EC190BDA
:1025000051EC180B53EC192B00F066FB53EC1B2B12
:1025100000F062FB53EC1A2B00F05EFBCDE90801E2
:10252000002008909DED080B53EC1A2B51EC100B7A
:1025300001F0ECF853EC1B2B01F0E8F853EC182BEE
:1025400001F0E4F853EC192B01F008F89FED381B6B
:1025500053EC112B00F026FE9FED370B41EC180BCE
:1025600053EC102B9DED080B51EC100B00F01AFEF4
:1025700053EC182B00F030FB9FED310B41EC180BA6
:1025800053EC102B9DED080B51EC100B00F00AFEE4
:1025900053EC182B00F020FB41EC100B139810F0BB
:1025A000004F06D06D4251EC100B00F0D7FA41EC11
:1025B000100B284684ED000B41E6000000000000EF
:1025C0000000000000000000FB21E93F7CD9024030
:1025D00000004054FB21F93F3163621A61B4D03DE1
:1025E000FB21F93F000000000000601A61B4D03DFB
:1025F0007370032E8A19A33BFB21394100000000B0
:1026000083C8C96D305FE43F000000000000E03F78
:102610001A1D0000681C0000000000000000103EB1
:10262000000000000000103C000000000000103A14
:10263000182D4454FB21F93D3326A611460B113CBD
:1026400000000054FB21F93D10B52DED040B2DEDDC
:10265000088B82B0B0EE419AF0EE619A0B9820F0B0
:1026600000449FED4BABB4F1795F11DA9DED0A0B9D
:1026700051EC100B00F000FD002801BFB0EE4A0A3B
:10268000F0EE6A0A02B0BDEC088B04BF04B010BDC6
:102690009DED0A0B53EC102B51EC100B00F082FD5A
:1026A00041EC180B3C480621B0EE480AF0EE680AEF
:1026B000784400F081F853EC182B51EC100B00F02B
:1026C00071FD9DED0A0B41EC1B0B53EC192B51ECEA
:1026D000100B00F067FD41EC190B53EC1B2B51EC78
:1026E000180B00F05FFD53EC192B01F00FF89FED74
:1026F0002C0B41EC190B53EC102B51EC180B00F088
:1027000051FD41EC100B2848844210DA53EC192B90
:1027100051EC100B00F0FAFF53EC1A2B00F01EFFE7
:1027200041EC100B02B0BDEC088B04B010BD1F488B
:10273000A042BCBF9FED1E1B8DED001B06DBA4F568
:1027400000100190002000909DED001B51EC100B3B
:1027500053EC112B00F0DAFF9DED000B41EC180B50
:1027600053EC102B51EC1A0B00F0D0FF41EC1A0B7C
:1027700053EC192B51EC180B00F0C8FF53EC1A2B3B
:1027800000F0ECFE41EC100BCCE700000000000074
:10279000000000000000F03F84190000000000006D
:1027A000000000000000E03F3333D33F0000E93F6A
:1027B000000000000000D23F70B504462DED028BF2
:1027C0004D1E00EBC500B0EE408AF0EE608A90ED41
:1027D000000B35F0060017D053EC182B51EC100B02
:1027E00000F0E0FC41EC100B6D1E04EBC50090ED19
:1027F000001B51EC100B53EC112B00F0EDF941ECE8
:10280000100B35F00600E7D1022D36D0042D1CD078
:10281000062D1CBFBDEC028B70BD53EC182B51EC88
:10282000100B00F0BFFC94ED0A1B53EC112B00F0D1
:10283000D3F953EC182B00F0B5FC94ED081B53ECC6
:10284000112B00F0C9F941EC100B53EC182B51EC93
:10285000100B00F0A7FC94ED061B53EC112B00F0BD
:10286000BBF953EC182B00F09DFC94ED040B53ECDA
:10287000102B00F0B1F941EC100B53EC182B51EC7C
:10288000100B00F08FFC94ED021B53EC112B00F0A9
:10289000A3F953EC182B00F085FC94ED001B53ECCE
:1028A000112B00F099F9BDEC028B41EC100B70BDBF
:1028B00031B504462DED040B2DED0A8BB0EE41BA77
:1028C000F0EE61BA0B989DED0A0B20F00040B0F1DC
:1028D000795F0DDA51EC100BFEF746FA042808BFB9
:1028E00000F0CAF89DED0A0BBDEC0A8B05B030BDB7
:1028F00053EC102B51EC100B00F054FC41EC180B76
:102900009DED0A0B53EC182B51EC100B00F04AFC18
:1029100041EC190B2C48B0EE480AF0EE680A05218C
:102920007844FFF749FF9FED2ACBB0EE40AAF0EEC6
:1029300060AA9CB353EC1C2B51EC190B00F032FC39
:1029400041EC1C0B53EC1A2B51EC190B00F02AFC38
:102950009FED210B41EC190B53EC102B51EC1B0B91
:1029600000F020FC53EC192B00F0D0FE53EC182B98
:1029700000F018FC53EC1B2B00F0C8FE53EC1C2B92
:1029800000F0C4FE9DED0A1B53EC112B00F0E6FD98
:10299000BDEC0A8B05B041EC100B30BDFFE753ECEA
:1029A0001A2B51EC180B00F0FDFB53EC1C2B00F024
:1029B00013F953EC192B00F0F5FB9DED0A1B53ECBA
:1029C000112B00F009F9E3E71418000000000000E3
:1029D000495555555555C5BF000000000000E03F62
:1029E0009FED070B10B553EC102B9FED070B51EC2F
:1029F000100B00F0ADF941EC100B10BD0000000011
:102A00000000000000000000000000000000F03F97
:102A100010B553EC102B51EC100B00F0DDF841EC2D
:102A2000100B10BD10B553EC112B51EC100B00F036
:102A3000D3F841EC100B10BD9FED050B10B553EC16
:102A4000102B51EC100B00F083F941EC100B10BD72
:102A500000000000000000009FED050B10B553ECD6
:102A6000102B51EC100B00F09DFB41EC100B10BD36
:102A700000000000000000709FED050B10B553EC46
:102A8000102B51EC100B00F08DFB41EC100B10BD26
:102A9000000000000000001010B541EC100BFEF724
:102AA0007BF951EC100B10BD82B0CDE9000121F093
:102AB000004001909DED000B02B051EC100B7047EF
:102AC00000B52DED048B83B041EC190B00F052FDE5
:102AD00041EC180B18EE100A18EE901A8DED008BD1
:102AE000002818BF0120084320F00040C0F17F609B
:102AF00000F1E040C00F14D019EE101A19EE900A40
:102B00008DED009B002918BF0121084320F00040F3
:102B1000C0F17F6000F1E040C00F04BF0120FDF76D
:102B200001FA51EC180B03B0BDEC048B00BD0000A2
:102B300010B500290AD00878002807D00548784445
:102B4000FDF7A8F9002801D0002010BD0248784404
:102B500010BD0000D6160000CE16000081F0004126
:102B6000704780F00040704721F00041704720F02E
:102B70000040704721F00042A2F16052B2F5801F80
:102B800001F0004328BFD2F17F6C0BD95FEA001C33
:102B900043EAC20242EB507018BF704728BF20F0D2
:102BA00001007047B2F5801FBCBF184670474FEA5E
:102BB000410C1CF5001F02D2084600F007BF70B59B
:102BC00000F09AFB00000089FFF7F6BF4FF00040CD
:102BD000A0F580007047000010B591EA030F48BFD0
:102BE00083F0004300F19A85841A71EB030C05D23F
:102BF000121943EB0C03001B61EB0C01DFF824E11D
:102C00004FEA1154A4EB135C1EEA430F18BF9EEA6F
:102C1000445F73D023EA0E03DCF1200E21EA045155
:102C200043F4801332D322FA0CFE10EB0E0023FA89
:102C30000CFE41EB0E01CCF1200E03FA0EFE10EB60
:102C40000E0051F10001B1F5801FCCF1200E32D2FF
:102C500001EB045112FA0EF2BDE8104058BF704764
:102C6000401C38BF5FEA420218BF7047002814BFFB
:102C700020F0010041F100014FEA410313F5001F6C
:102C800038BF7047A1F1C04100F02CBC012A43EBD2
:102C90000302ACF1200CDCF11F0E32BF4FF0000E2E
:102CA00023FA0CF310EB030041EB0451B4EB115F7A
:102CB000D0D0A1EB045101F5801149085FEA300042
:102CC00001EB04510ED350F1000038BF12FA0EFE92
:102CD00008D1BDE81040C9E7401C38BF5FEA420296
:102CE000CAD1C3E7BDE810404FEA410313F5001F06
:102CF00038BF7047A1F1C04100F0F4BB9EEA445FC9
:102D000008D011EA5E0FBDE8104004BF01F0004199
:102D100000207047BDE8104070B500F0EDFA00BF2C
:102D200064FBBE3E0000E0FF02494FF0000000F0EF
:102D3000FABE00BF0000F87F491058BFC1F1404102
:102D40005B1058BFC3F140438B42EFF300807047E4
:102D50002DE9C04130B4DFF8A0C23CEA111418BF1D
:102D60003CEA131400F0EC8081EA03051CEA11141C
:102D700044EAD57418BF1CEA131500F0C780A4EB11
:102D800005044FF0004545EAC12145EAC32341EA65
:102D9000505143EA525304F17F74994204F50034D0
:102DA0004FEAC0204FEAC22208BF904200F09C8048
:102DB0004FEA13650FF24016765D4FEA134506FBA6
:102DC00005F7C7F1807706FB07F74FEAD737A7FB70
:102DD00003687642C8F58038A7FB06CE38BFA8F155
:102DE000010807FB08E64FF0000EA6FB028CE6FB8D
:102DF00003CEDCF1000CCEF1004E38BFAEF1010E77
:102E0000A6FB0C584FF000074FF00005E6FB0E87BD
:102E1000A1FB08C6A0FB07CE16EB0E0645F1000588
:102E2000E1FB076515F1E04E7EBFA4F580345FEA53
:102E300046066D4116F1800745F100054FEA172758
:102E40004FEA066647EA0567A6F1DE46B6F1805FFF
:102E50004FEA15251FD9384624F0010C05EBC47143
:102E6000BCF1FE6F01EB0C1102D8F0BCBDE8008193
:102E700024425CBF01F5801E9EEAC47F02D4F0BCF0
:102E8000BDE80081244238D4F0BCA1F1C041BDE8C6
:102E9000004100F027BB4FEAD22242EA43524FEAF8
:102EA000D323A7FB02864FEAD02040EA415007FB1C
:102EB00003661EEA0E0F4FEAD12105FB026658BFDA
:102EC000A6EB0056B6EB00564FEA520E4EEAC37E12
:102ED00018EB0E0E56EB530EBDD518EB02085E41F3
:102EE0007F1C55F10005B6E74FF480154FF0000741
:102EF0004FF000064FF00008ADE7F0BC4FF00000C7
:102F000001F1C04101F00041BDE8008111EA0C1F50
:102F10000CEA131500D00CE013EA0C1F00F025801A
:102F20004FF00000F0BC81EA030101F00041BDE870
:102F30000081F0BCBDE8004181EA030100F0D2BA93
:102F4000F0BCBDE8004170B500F0D6F9097EFC3E4A
:102F500000F007B881EA03014FF0000001F00041E2
:102F6000704781EA030100F0BDBAF0BCBDE8004142
:102F70004FF0000021497047FFFDFBF9F7F5F4F22F
:102F8000F0EEEDEBE9E8E6E4E3E1E0DEDDDBDAD804
:102F9000D7D5D4D3D1D0CFCDCCCBCAC8C7C6C5C462
:102FA000C2C1C0BFBEBDBCBBBAB9B8B7B6B5B4B379
:102FB000B2B1B0AFAEADACABAAA9A8A8A7A6A5A464
:102FC000A3A3A2A1A09F9F9E9D9C9C9B9A99999828
:102FD0009797969595949393929191908F8F8E8ECB
:102FE0008D8C8C8B8B8A8989888887878685858458
:102FF00084838382828181800000FF070000F87F44
:1030000051EA030C17D41CF5801F58BFBCF5801F74
:1030100000F10680994218BF704708BF9042704780
:1030200007D711F5801F58BF13F5801F19D4994297
:103030007047894270471CF5801F08D5BCF5801F7A
:10304000F7D58B4218BF704708BF824270474FF4D4
:10305000001C1CEB410F38BF1CEB430F01D28B420D
:10306000704770B500F048F9922449004FF00051C4
:103070004FF08053FFF760BE4FEA41034FEA5353CE
:10308000A3F58063D3F11E03C8BFD3F1210C0CDD7F
:103090004FF0004242EAC12242EA505232FA03FCA7
:1030A0008CEAE17CACEBE1707047102BC4BF0020D0
:1030B000704703F5787CBCF1FF3F04D06FF000420D
:1030C00082EA2100704770B500F016F94992248019
:1030D00000207047F2E710F0004248BF4042B0FACB
:1030E00080F310FA03F10AD0C3F11D0303F58063E6
:1030F0004FEA415002EB035202EBD12170474FF0EF
:1031000000007047B0FA80F310FA03F10AD0C3F15F
:103110001D0303F580634FEA41504FEA035202EB6F
:10312000D12170474FF000007047000051EA030CB6
:1031300017D41CF5801F58BFBCF5801F00F1068016
:10314000994218BF704708BF9042704707D711F5E2
:10315000801F58BF13F5801F19D4994270478942C8
:1031600070471CF5801F08D5BCF5801FF7D58B4232
:1031700018BF704708BF824270474FF4001C1CEB19
:10318000410F38BF1CEB430F01D28B42704770B523
:1031900000F0B2F8922449004FF000514FF08053F4
:1031A000FFF7CABDDFF848C170B51CEA111E1EBF8B
:1031B0001CEA13159EEA0C0F95EA0C0F00F06F80C5
:1031C00081EA030423EA4C134EEAD47E21EA4C112F
:1031D00041F4801143F48013AE44A1FB024CA0FBE8
:1031E0000365AEF17F7E361955EB0C05A1FB034C50
:1031F0004CF10003A0FB021C16EB0C06654153F1D9
:103200000003094218BF46F0010613F4007F0BD1FA
:103210004FEA03314FEA0530340341EA155140EAE1
:1032200016506FF003020AE04FEAC3214FEAC520AF
:10323000F40241EA555140EA56506FF0020202EBA7
:103240002E4201EB025585EACE710AD05FEA440CAA
:1032500018BF24F0004450F1000041F1000120EAC1
:10326000D47040F2FE7C624500D270BDA84214BF0B
:103270004FF080444FF04044002E08BF0024BEF1C0
:10328000806FA8BFA1F1C041BDE8704080F22A81E3
:103290004FF0000001F1C04101F0004170479EEA8B
:1032A0000C0F0CEA131518BF95EA0C0F06D04FF05F
:1032B000000081EA030E0EF0004170BD00F01CF822
:1032C0008900013E00F007B800F009B84FEA430C4E
:1032D0005FEA5C5C08D081EA030100F003B94FEAC1
:1032E000410C5FEA5C5CF6D14FF000000149704789
:1032F0000000FF070000F87F0EF1020E2EF0030E13
:103300005EF8046B364205D4012A43EB030515F53C
:10331000001F12D8012841EB010C1CF5001F0CD82E
:103320000ED14FEAD17C15F5001F0CEB4C0C0CF1C3
:10333000020C08BF4CEBD37C04E04FF0080C01E01A
:103340004FEAD37C0CEB4C0526FA05F606F007068F
:10335000B6F1040C06D20EEB860CBDE870404CF0C2
:10336000010C6047DFE80CF0090B02024FF000414E
:103370004FF00000A1F5002170BD1946104601284C
:1033800051EB010418BFD4F5001484BF002001F0F4
:10339000004170BDDFF844C170B53CEA111418BF9C
:1033A0003CEA131500F08F8011F1004F1CEA131551
:1033B0000CEA111468BF45F0050518BF11EA0C1F8F
:1033C00000F079802E4621EA4C1123EA4C1341F497
:1033D000801143F48013A5F58035AC423DDD801AA1
:1033E0009941A4F5803609D54042C1F1000134BFAE
:1033F000B1F10101B1F1000185F0010511F4F01FF7
:1034000008D011F4801FE8D1400041EB0101A4F580
:103410008034F6E721F00041B1FA81F6202E04BF96
:10342000B0FA80FE0EF12006A6F10B06B6F1200ED2
:10343000A4EB06440CD2C6F1200E01FA06F120FAE4
:103440000EF641EA0601CEF1200600FA06F003E08E
:1034500000FA0EF14FF00000BFE750EA410E23D012
:103460004FEA244EBEEB254F0FDB994208BF904236
:1034700004D00AD3520043EB0303B0E74FEA1646E9
:10348000B6EB144F08BF85F00105B4F5803401EBAD
:10349000041181EAC57100DB70BD01F1C0414FF03C
:1034A000000001F0004170BD4FEA45714FF000008F
:1034B00001F0004170BD1CEA131F09D04FF000005D
:1034C00001F0004170BDFFF717FF00BFEDFFFF3EA9
:1034D000BDE870404FF00000014970470000FF0751
:1034E0000000F87F0808A0F500114FEA310170478D
:1034F00053EA010C17D41CF5801F58BFBCF5801F80
:1035000000F106808B4218BF704708BF82427047A7
:1035100007D713F5801F58BF11F5801F19D48B42B0
:1035200070479B4270471CF5801F08D5BCF5801F73
:10353000F7D5994218BF704708BF904270474FF4C3
:10354000001C1CEB430F38BF1CEB410F01D299420A
:1035500070470FB40CBC03BCFFF719BE91EA030F10
:1035600010B581F000413FF53FAB83F0004300F020
:10357000D5B800002DE9F04101F5801CBCF5001F15
:10358000C0F2A9804FEA115C21EA0C510CF1FD0C4C
:1035900041F480115FEA5C0C0CF5C07C01D3400063
:1035A000494130A4890241EA905187028E0E0A0CEB
:1035B000A45D04FB04F602FB06F6C6F14046A4FB3C
:1035C0000662F60D46EA422606FB06F4A4FB01233A
:1035D0005242C3F1404338BF5B1EA6FB02420024A7
:1035E000E6FB0324D20B42EA4446A6FB0623A1FBDA
:1035F00002E2A3FB07E4E3FB61426442C2F1404EF6
:1036000038BFAEF1010EA6FB04234FF00002E6FB2B
:103610000E32A2FB03463400E2FB6264A1FB06E625
:10362000A4FB07E8E4FB61687642C8F1405838BF64
:10363000A8F10108A2FB06E4A3FB08E5E2FB68543D
:10364000A1FB05E6A7FB04E8E1FB648618F1200571
:1036500056F10006A809A8F11B08B10908F03F08B7
:10366000B8F10A0F40EA86601CD901EB0C51BDE8A5
:10367000F08100BFFCF5EEE8E2DDD8D3CFCBC7C3C5
:10368000C0BDB9B6B4B1AEACA9A7A5A3A19F9D9B7F
:103690009A9896959392908F8D8C8B898887868542
:1036A00084838281A0FB006800FB01F208EB4208E2
:1036B000B8EB872807D5341858EB0104D5D5401C42
:1036C00051F10001D1E7341A78EB0104CDD4401E4A
:1036D00071F10001C9E75FEA4C0C5FEA9C5C0DD117
:1036E00005D34FF0000001F00041BDE8F081BDE8D6
:1036F000F04170B5FFF700FE6DDBFFBEBDE8F041A5
:103700004FF00000004970470000F87F10B591EAC3
:10371000030F48BF83F000433FF566AA841A71EB9C
:10372000030C07D212198CF0004C43EB0C03001B66
:1037300061EB0C01DFF8A4E14FEA1154A4EB135C38
:103740001EEA430F18BF9EEA445F00F0B08023EAF0
:103750006E03524221EA0451C3EB6E0338BF5B1E75
:10376000DCF1200E25D322FA0CFE10EB0E0043FAFA
:103770000CFE41EB0E01CCF1200E03FA0EFE10EB15
:103780000E0051F10001CCF1200E29D412FA0EF2F4
:1037900001EB0451BDE8104058BF7047401C1CBFEE
:1037A000B2F1004F704700280CBF491C20F0010007
:1037B000704712EB020E43EB030218BF4FF0010EED
:1037C0004EEA4202ACF1200CDCF11E0E54D943FA51
:1037D0000CFE10EB0E0051F1FF31CCF11E0ED5D5D1
:1037E0000EF1010E12FA0EFE404141EB010101EB18
:1037F000445C5FEA5C5C10D910EBDE7001EB0451B5
:1038000038BFBEF1004FBDE8104018BF7047002818
:103810000CBF491C20F00100704730D24FEAD42C75
:1038200011F5001124F400641BD0B1FA81F20B3AB7
:10383000A41AA41ED2F12003914030FA03F31943D5
:10384000904001EBCC71002C01EB0451BDE810401D
:10385000A8BF704701F1C0414FF0000001F00041E6
:103860007047B0FA80F310FA03F100D110BDE41AEA
:10387000173C4805C90AE4E701EB045110BD4910A3
:1038800001EB0451BDE810404FEA300002E04FF078
:10389000000170474A0008BF0042F8D0B2F5001F8F
:1038A00028BF704701F000414FF0000070479EEACA
:1038B000445F07D011EA5E0FBDE8104004BF00214D
:1038C00000207047BDE8104070B5FFF715FD00BF40
:1038D00040DFF63E83F00041104670470000E0FFF5
:1038E00043004FEAD30C4FEA3C0C43401FBF400754
:1038F0000CF1605113F0FE4F70471CF0006F03D1C4
:1039000000200CF0004170470CF0004343EA507077
:1039100010B540EACC0000F00EF800BF00000092A5
:103920004FEA0001FFF7DEBD4FF000414FF000000D
:10393000A1F5002170470EF1020E2EF0030E5EF885
:10394000044B244204D44FEA4102B2F17F4F11D814
:103950004FEA4003B3F17F4F0CD80ED14FEAD07C31
:10396000B2F17F4F0CEB4C0C0CF1020C08BF4CEB8E
:10397000D17C04E04FF0080C01E04FEAD17C0CEB65
:103980004C0324FA03F404F00704B4F1040C06D247
:103990000EEB840CBDE810404CF0010C6047DFE8F2
:1039A0000CF0070802024FF00040A0F5800010BDA7
:1039B0000846420018BFD2F1807288BF00F0004074
:1039C00010BD4FF04070E1EE100A7047FF2141EA50
:1039D000D050C005704700004FEAC1230A1543EAE2
:1039E00050534FEAC02C18BF43F000431BD4A2F23F
:1039F0004E02D2F57C7240F34280502AA8BF50227A
:103A000023FA02F12CFA02F0D2F1200260B403FA98
:103A100002F588BF2843C2F1000223FA02F598BFDD
:103A2000284360BC704702F57C7212F5826F08BFB4
:103A300023F00043D2F12E0221DB1AD0502AA8BF76
:103A4000502223FA02F12CFA02F0D2F1200260B4E3
:103A500003FA02F588BF2843C2F1000223FA02F5F7
:103A600098BF284360BC4042C1F1000138BF491EE5
:103A700070479CF0000F08BF93F0004FDED070B588
:103A8000FFF73AFC9224498000214FF00000704774
:103A90006FEAE17080F0004170470000C2154FEA04
:103AA000002318BF43F0004300F11080D2F1BE02A2
:103AB00040F2288023FA02F1B2F1200C2EBF23FA43
:103AC0000CF0C2F1200C03FA0CF07047B0F15F4F1C
:103AD00000F2188012F0FF0208BF23F00043C2F189
:103AE000BE0223FA02F1B2F1200C2EBF23FA0CF031
:103AF000C2F1200C03FA0CF04042C1F1000138BFC2
:103B0000491E704710B5FFF716FF00BF9224498089
:103B100000204FF0000170476FEAE07080F0004134
:103B20007047FCF7DCBA0CF00F03092B08BF082024
:103B300000F059800A2B0BD0082B18BF704708BF24
:103B40001CF0400F0AD04FF000004FF0000170470A
:103B50001CF0400F18BF4FF0004070471CF0100FD2
:103B600008D020F0704300F07F4242EAD3014FEAD0
:103B70004370704700F0604021F07F4242EA00024B
:103B800001F07F4040EA727070474FF0FF0C4CF438
:103B9000E06C1CEA11531CBF9CEA030C9445C2BFA5
:103BA000DA4201EB02517047002B0DD0BCF1000F3F
:103BB0000FD0002A01F00041A4BF41F0E04141F0E4
:103BC0007F614FF00000704701F000414FF00000AE
:103BD000704750EA01334FF09B0C18BF4CF0806CDB
:103BE0007FF4A2A870471CF4801F11D01CF4E02FB2
:103BF00003D06FEACC31490070474FF04050EFF3EB
:103C0000008222F0704242EA000282F3008870478C
:103C10004FF000007047FF005EBCE2613FDD83C2F1
:103C20009C7E20A3FD1F419DC3217FFCA2401E5FFF
:103C300001E3BD3E6082DC237D9FC1421CFEA0E10A
:103C4000BF5D0380DE3C62BEE0025CDF81633D7CE1
:103C500022C09E1D43A1FF4618FAA427799BC58464
:103C6000DA3866E5BB5907DB856739BAE4065819C7
:103C700047A5FB7826C49A653BD987045AB8E6A7BE
:103C8000F91B45C6987A24F8A6441A99C7257B3AA9
:103C90006486D85B05E7B98CD2306EEDB3510F4E18
:103CA00010F2AC2F7193CD114FADF3702ECC92D397
:103CB0008D6F31B2EC0E50AFF1134DCE90722C6D72
:103CC00033D18F0C52B0EE326C8ED0530DEFB1F079
:103CD000AE4C1291CF2D73CA947628ABF5174908D4
:103CE00056B4EA6937D58B5709EBB536688AD4954F
:103CF000CB2977F4AA4816E9B7550B88D6346A2B36
:103D00007597C94A14F6A8742AC896154BA9F7B630
:103D1000E80A54D7896B35000000891112239B32C1
:103D20002446AD573665BF74488CC19D5AAFD3BE8B
:103D30006CCAE5DB7EE9F7F88110080193331A229B
:103D4000A5562C47B7753E64C99C408DDBBF52AE6B
:103D5000EDDA64CBFFF976E802218B30100299137B
:103D60002667AF763444BD554AADC3BC588ED19F4B
:103D70006EEBE7FA7CC8F5D983310A20911218035B
:103D8000A7772E66B5543C45CBBD42ACD99E508F2B
:103D9000EFFB66EAFDD874C904428D5316619F702B
:103DA0002004A9153227BB364CCEC5DF5EEDD7FC0B
:103DB0006888E1997AABF3BA85520C4397711E601B
:103DC000A1142805B3373A26CDDE44CFDFFD56ECEB
:103DD000E9986089FBBB72AA06638F7214409D51FB
:103DE0002225AB343006B9174EEFC7FE5CCCD5DDCB
:103DF0006AA9E3B8788AF19B87730E6295501C41DB
:103E0000A3352A24B1163807CFFF46EEDDDC54CDAA
:103E1000EBB962A8F99A708B088481951AA793B6BA
:103E20002CC2A5D33EE1B7F04008C919522BDB3AAA
:103E3000644EED5F766DFF7C899400859BB712A67A
:103E4000ADD224C3BFF136E0C1184809D33B5A2A8A
:103E5000E55E6C4FF77D7E6C0AA583B4188691975A
:103E60002EE3A7F23CC0B5D14229CB38500AD91B6A
:103E7000666FEF7E744CFD5D8BB502A4999610873A
:103E8000AFF326E2BDD034C1C3394A28D11A580B4A
:103E9000E77F6E6EF55C7C4D0CC685D71EE597F40A
:103EA0002880A1913AA3B3B2444ACD5B5669DF782A
:103EB000600CE91D722FFB3E8DD604C79FF516E4FA
:103EC000A9902081BBB332A2C55A4C4BD7795E680A
:103ED000E11C680DF33F7A2E0EE787F61CC495D5DA
:103EE0002AA1A3B03882B193466BCF7A5448DD59EA
:103EF000622DEB3C700EF91F8FF706E69DD414C5BA
:103F0000ABB122A0B9923083C77B4E6AD5585C49C9
:103F1000E33D6A2CF11E780F4FBB610567ACDD3FB6
:103F2000182D4454FB21E93F9BF681D20B73EF3FE0
:103F3000182D4454FB21F93FE2652F227F2B7A3C58
:103F4000075C143326A6813CBDCBF07A8807703C11
:103F5000075C143326A6913CC4EB98999999C9BF84
:103F6000711623FEC671BCBF6D9A74AFF2B0B3BFB9
:103F70009AFDDE522DDEADBF2F6C6A2C44B4A2BF79
:103F80000D5555555555D53FFF8300922449C23FE5
:103F90006E204CC5CD45B73F513DD0A0660DB13F19
:103FA000EB0D76244B7BA93F11DA22E33AAD903F2B
:103FB000000000000000F03F000000000000F83F9B
:103FC00000000000000000000000004003B8E23FD5
:103FD000000000000000000006D0CF43EBFD4C3E87
:103FE000033333333333E33FFFAB6FDBB66DDB3F7C
:103FF0004D268F515555D53F01411DA96074D13FC4
:1040000065DBC9934A86CD3FEF4E454A287ECA3FBD
:104010003E5555555555C53F93BDBE166CC166BF3F
:104020002CDE25AF6A56113FF16BD2C541BDBBBE38
:10403000D0A4BE726937663E4C5555555555A53FBF
:104040007751C1166CC156BF9015CB19A001FA3E2D
:10405000AD529C804F7E92BEC4B1B4BD9EEE213E57
:10406000D43888BEE9FAA8BD0000000000000000B6
:1040700000004054FB21F93F3163621A61B4D03D26
:104080000000601A61B4D03D7370032E8A19A33BFF
:104090000000002E8A19A33BC14920259A837B3951
:1040A00000000000000000006E83F9A22915444EB4
:1040B000D15727FCC0DD34F5999562DB4190433C34
:1040C000AB6351FE61C5BBDE3A6E24B7E0D24D4210
:1040D000EA2E49061C92D1091CEB1DFE3EA729B110
:1040E000F53582E88444BB2E26709CE9417E5FB49E
:1040F00039D69139F43953838B5F849C3B28F9BDC1
:10410000FF97F81F0F9805DE8B112FEF1F6D0A5ACE
:10411000CF7E366DB709CB27663F464F2DEA5F9EAF
:10412000C7BA27757BF1E5EBF739073DEA92528A6A
:10413000B15FFB6B085D8D1FA6F810111111813F57
:10414000D561C119A0012ABF7DFEB157E31DC73E4D
:10415000EB9C2B8AE6E55ABE7CD5CF5A3AD9E53D91
:1041600002400000000000A0000000000540000028
:10417000000000C8000000000C4000000000409C4F
:1041800000000000194000000020BCBE000000003C
:1041900034400000BFC91B8E00000004B540000081
:1041A000504BCFD06607E2CF010000006C41000009
:1041B0003E8251AADFEEA73401000000D942000080
:1041C000DCB5A0E23A301F97FFFFFFFFB4450000C7
:1041D000FD25A0C8E9A3C14FFFFFFFFFFF3F00007F
:1041E0000000008000000000FF3F00000000008091
:1041F000000000003042010800000020802900007B
:10420000C40100082C46010880290020B83A0000AB
:10421000200200081C00000043000000F8FFFFFF20
:104220000C0000000E0000000F0000002E00000037
:1042300051847A030A0009160102030406070809DB
:1042400023D0C143B84105309A99A9C02D333333E7
:10425000400401100D10CDCC4CBE1403FF8CBF01E7
:104260003343803F0D226F12833A1409123C092216
:10427000600918140312A0410912140B128C421485
:1042800085CDCCCC3D490C0926A80936D001521D5C
:10429000CDCC4C3EF4A2400350D841032EFFFF1377
:1042A0004B571B08C5041337591408235C22081701
:1042B00001610480B303138F432418C630240251D4
:1042C000041205542F3F03600A033908050A03202E
:1042D000835C3B04790F6343564A050F630350CA5E
:1042E000061E1A073C66640320C3491C08510C05CE
:1042F00055F00555074A090F3B455B0F1201490F61
:104300004B65540F4A010F4BC54E0F2B02516E697E
:10431000961F010379A0020F78524B1F01047918F0
:104320000514A54A430F1505690C054C0378C5789B
:104330001D010669180F791E13072169F013C108C2
:1043400028080108A11880B30E0F14F0852F1C0156
:1043500009210F150F70D75D1AA0701202290F15D1
:1043600005C06D09146420033B02010F115A6F0F41
:104370003A020F5B40700F6C03211C5A13C6302B9E
:10438000020469894B2F05210C80B30A4B1450801D
:10439000025D020621044B390F2A074B2A024B39D2
:1043A0000F150869E0034C036895B43B02090F44FC
:1043B00018F55B1008524F544154453A100F4652BD
:1043C000494354494F4E3A444F4F523A10084445DE
:1043D00046454E443A1A561F1A471F014E2A8087F7
:1043E000218201190C61440402401A07029153040E
:1043F000043A10051A012039233B08040CF1492B1B
:10440000B17963911A25154B40646801421A2097CF
:104410003A109B01FF01FF01FF01FF01FF1113D9BA
:10442000691408516B1B086D044132041302032AFE
:10443000010D290832012904190E2A4004B402038F
:1044400007720C22021244192042203B08040CF18E
:104450002959D14956C12F26030301886068894430
:10446000B949F94461B2031A11442AA0441A088DCB
:104470002A04913A209501FF01FF01FF01FF01FC91
:1044800013D9691408516B1B086D045122041302DF
:10449000032A010E290832022904112C04024004C7
:1044A000B40A0B07720C19351248224042203B080F
:1044B000040CF11923E10211011F270201012860F8
:1044C000689944B949F94461B2031A0E442A584420
:1044D00012081A1030321002FF1801FF01FF01FF0D
:1044E00001FF1113D9691408516B1B086D04512287
:1044F000041302032A010E2908190F2913212C087D
:104500000240044B0A0B2761720C1914124C224012
:104510003A200D3A040CF13945C10211011F340350
:1045200003014060689944B949F94461B2031A0F24
:10453000443A70442320101B101092399501FF015A
:10454000FF01FF01FF01FC13D9691408516B1B081F
:104550006D04512210130203330104690839191440
:104560000802404E0C02400C022761720C193512F1
:104570005022403A202A3A040CF12949D102110173
:104580001F350102011060689944B949F94461B2CC
:10459000031E2F020101B844198A1A10961903113B
:1045A00002FF2801FF01FF01FF01FF1113D9691468
:1045B00008516B1B086D044132401302035B0180FC
:1045C0000832042904112C080240043B0607277115
:1045D000520C42201B14013B293E113B0A040CF1F2
:1045E0003945C10211011F4703030128646899443A
:1045F000B949F94461B2031A45442AA04412081A81
:1046000010301A109E399F01FF01FF01FF01FF01C9
:10461000FC13D9691408516B1B086D04011C2D0192
:0C4620000203040405000607080900005E
:040000050800018965
:00000001FF
